Workbook

Sheet Rough Notes
A1: System | B1: Observe | C1: Orient | D1: Decide | E1: Act
A3: Crewmember #1 | B3: Physical location | C3: Assess viability of mission | D3: Follow path | E3: 1. Drive LTV
B4: Health status (SE) | D4: Conduct science experiment | E4: 2. Transport cargo | G4: RQ 1 Structural
D5: Proceed or abort mission | G5: CHANGE # CREW MEMBERS from 2 to 3
G6: LTV AUTONOMY LEVEL CONFIGURATIONS
G7: LTV AUTONOMY AUTHORITY SWAP
A8: Crewmember #2 | B8: Physical location | C8: Assess viability of mission | D8: Follow path | E8: Deploy science equipment
B9: Health status (SE) | D9: Conduct science experiment | E9: Transport cargo | G9: RQ 2 Tuning
D10: Proceed or abort mission | G10: At higher autonomy levels
A11: LTV | B11: Physical location Vehicle health | C11: Route planning | E11: Transport crew members and science equipment | G11: Fine-Tune autonomy parameters at higher levels
E12: Crew life support
A13: HLS | B13: Receive crew health data | C13: Transmit data to Ground Control | E13: Crew support and safety
B14: Monitor system health | C14: Transmit data to crew
A15: Ground Control | B15: Crew health | C15: Mission coordination | D15: Mission guidance | E15: Support crew transport to/from Moon
B16: System status | C16: Navigation | D16: Emergency protocols
B17: Location
B18: Debris management
A19: Science Equipment | E19: Sample collection

Sheet Default Network Metrics
A1: THIS SHEET IS REFERENCED; CHANGE WITH CAUTION
A2: SOD | AA2: SOURCE | AC2: Self Effectiveness (80% base)
B3: 0 | C3: 0.9 | D3: 0 | E3: 0 | F3: 0 | G3: 0 | H3: 0 | I3: 0 | J3: 0 | K3: 0 | L3: 0 | M3: 0 | N3: 0 | O3: 0 | P3: 0 | Q3: 0 | R3: 1 | S3: 0 | T3: 0 | U3: 0 | V3: 0 | W3: 0 | X3: 0 | Y3: 0 | AA3: Crew1_Obs | AC3: B | AD3: 5 | AE3: 2
B4: 0 | C4: 0 | D4: 0.9 | E4: 0 | F4: 0 | G4: 0 | H4: 0 | I4: 0 | J4: 0 | K4: 0 | L4: 0 | M4: 0 | N4: 0 | O4: 0 | P4: 0 | Q4: 0 | R4: 0 | S4: 0 | T4: 0 | U4: 0 | V4: 0 | W4: 0 | X4: 0 | Y4: 0 | AA4: Crew1_Ori | AC4: B | AD4: 5 | AE4: 2
B5: 0 | C5: 0 | D5: 0 | E5: 0.9 | F5: 0 | G5: 0 | H5: 0 | I5: 0 | J5: 0 | K5: 0 | L5: 0 | M5: 0 | N5: 0 | O5: 0 | P5: 0 | Q5: 0 | R5: 0 | S5: 0 | T5: 0 | U5: 0 | V5: 0 | W5: 0 | X5: 0 | Y5: 0.5 | AA5: Crew1_Dec | AC5: B | AD5: 5 | AE5: 2
B6: 0 | C6: 0 | D6: 0 | E6: 0 | F6: 0 | G6: 0 | H6: 0 | I6: 0 | J6: 0 | K6: 0 | L6: 0 | M6: 0 | N6: 0 | O6: 0 | P6: 0 | Q6: 0.9 | R6: 0 | S6: 0 | T6: 0 | U6: 0 | V6: 0 | W6: 0 | X6: 0 | Y6: 0 | AA6: Crew1_Act | AC6: B | AD6: 5 | AE6: 2
B7: 0 | C7: 0 | D7: 0 | E7: 0 | F7: 0 | G7: 0.9 | H7: 0 | I7: 0 | J7: 0 | K7: 0 | L7: 0 | M7: 0 | N7: 0 | O7: 0 | P7: 0 | Q7: 0 | R7: 1 | S7: 0 | T7: 0 | U7: 0 | V7: 0 | W7: 0 | X7: 0 | Y7: 0 | AA7: Crew2_Obs | AC7: B | AD7: 5 | AE7: 2
B8: 0 | C8: 0 | D8: 0 | E8: 0 | F8: 0 | G8: 0 | H8: 0.9 | I8: 0 | J8: 0 | K8: 0 | L8: 0 | M8: 0 | N8: 0 | O8: 0 | P8: 0 | Q8: 0 | R8: 0 | S8: 0 | T8: 0 | U8: 0 | V8: 0 | W8: 0 | X8: 0 | Y8: 0 | AA8: Crew2_Ori | AC8: B | AD8: 5 | AE8: 2
B9: 0 | C9: 0 | D9: 0 | E9: 0 | F9: 0 | G9: 0 | H9: 0 | I9: 0.9 | J9: 0 | K9: 0 | L9: 0 | M9: 0 | N9: 0 | O9: 0 | P9: 0 | Q9: 0 | R9: 0 | S9: 0 | T9: 0 | U9: 0 | V9: 0 | W9: 0 | X9: 0 | Y9: 0.5 | AA9: Crew2_Dec | AC9: B | AD9: 5 | AE9: 2
B10: 0 | C10: 0 | D10: 0 | E10: 0 | F10: 0 | G10: 0 | H10: 0 | I10: 0 | J10: 0 | K10: 0 | L10: 0 | M10: 0 | N10: 0 | O10: 0 | P10: 0 | Q10: 0 | R10: 0 | S10: 0 | T10: 0 | U10: 0 | V10: 0 | W10: 0 | X10: 0 | Y10: 0.9 | AA10: Crew2_Act | AC10: B | AD10: 5 | AE10: 2
B11: 0 | C11: 0 | D11: 0 | E11: 0 | F11: 0 | G11: 0 | H11: 0 | I11: 0 | J11: 0 | K11: 0 | L11: 0 | M11: 0 | N11: 0 | O11: 0 | P11: 0 | Q11: 0 | R11: 0 | S11: 0 | T11: 0 | U11: 0 | V11: 0 | W11: 0 | X11: 0 | Y11: 0 | AA11: Crew3_Obs | AC11: B | AD11: 0 | AE11: 0
B12: 0 | C12: 0 | D12: 0 | E12: 0 | F12: 0 | G12: 0 | H12: 0 | I12: 0 | J12: 0 | K12: 0 | L12: 0 | M12: 0 | N12: 0 | O12: 0 | P12: 0 | Q12: 0 | R12: 0 | S12: 0 | T12: 0 | U12: 0 | V12: 0 | W12: 0 | X12: 0 | Y12: 0 | AA12: Crew3_Ori | AC12: B | AD12: 0 | AE12: 0
B13: 0 | C13: 0 | D13: 0 | E13: 0 | F13: 0 | G13: 0 | H13: 0 | I13: 0 | J13: 0 | K13: 0 | L13: 0 | M13: 0 | N13: 0 | O13: 0 | P13: 0 | Q13: 0 | R13: 0 | S13: 0 | T13: 0 | U13: 0 | V13: 0 | W13: 0 | X13: 0 | Y13: 0 | AA13: Crew3_Dec | AC13: B | AD13: 0 | AE13: 0
B14: 0 | C14: 0 | D14: 0 | E14: 0 | F14: 0 | G14: 0 | H14: 0 | I14: 0 | J14: 0 | K14: 0 | L14: 0 | M14: 0 | N14: 0 | O14: 0 | P14: 0 | Q14: 0 | R14: 0 | S14: 0 | T14: 0 | U14: 0 | V14: 0 | W14: 0 | X14: 0 | Y14: 0 | AA14: Crew3_Act | AC14: B | AD14: 0 | AE14: 0
B15: 0 | C15: 0 | D15: 0 | E15: 0 | F15: 0 | G15: 0 | H15: 0 | I15: 0 | J15: 0 | K15: 0 | L15: 0 | M15: 0 | N15: 0 | O15: 0.9 | P15: 0 | Q15: 0 | R15: 0 | S15: 0 | T15: 0 | U15: 0 | V15: 0 | W15: 0 | X15: 0 | Y15: 0 | AA15: LTV_Obs | AC15: D | AD15: 80
B16: 0 | C16: 0 | D16: 0.5 | E16: 0 | F16: 0 | G16: 0 | H16: 0 | I16: 0 | J16: 0 | K16: 0 | L16: 0 | M16: 0 | N16: 0 | O16: 0 | P16: 0 | Q16: 0 | R16: 0 | S16: 0 | T16: 0 | U16: 0 | V16: 0 | W16: 0 | X16: 0 | Y16: 0 | AA16: LTV_Ori | AC16: D | AD16: 80
B17: 0 | C17: 0 | D17: 0 | E17: 0 | F17: 0 | G17: 0 | H17: 0 | I17: 0 | J17: 0 | K17: 0 | L17: 0 | M17: 0 | N17: 0 | O17: 0 | P17: 0 | Q17: 0 | R17: 0 | S17: 0 | T17: 0 | U17: 0 | V17: 0 | W17: 0 | X17: 0 | Y17: 0 | AA17: LTV_Dec | AC17: D | AD17: ='Event Register'!AI3 -> 0
B18: 0.8 | C18: 0 | D18: 0 | E18: 0 | F18: 0.8 | G18: 0 | H18: 0 | I18: 0 | J18: 0 | K18: 0 | L18: 0 | M18: 0 | N18: 0.9 | O18: 0 | P18: 0 | Q18: 0 | R18: 0 | S18: 0 | T18: 0 | U18: 0 | V18: 0 | W18: 0 | X18: 0 | Y18: 0.9 | AA18: LTV_Act | AC18: D | AD18: 80
B19: 0 | C19: 0 | D19: 0 | E19: 0 | F19: 0 | G19: 0 | H19: 0 | I19: 0 | J19: 0 | K19: 0 | L19: 0 | M19: 0 | N19: 0 | O19: 0 | P19: 0 | Q19: 0 | R19: 0 | S19: 0.9 | T19: 0 | U19: 0.5 | V19: 0 | W19: 0 | X19: 0 | Y19: 0 | AA19: HLS_Obs | AC19: D | AD19: 80
B20: 0.5 | C20: 0 | D20: 0 | E20: 0 | F20: 0.5 | G20: 0 | H20: 0 | I20: 0 | J20: 0 | K20: 0 | L20: 0 | M20: 0 | N20: 0 | O20: 0 | P20: 0 | Q20: 0 | R20: 0 | S20: 0 | T20: 0.9 | U20: 0.5 | V20: 0 | W20: 0 | X20: 0 | Y20: 0 | AA20: HLS_Ori | AC20: D | AD20: 80
B21: 0.2 | C21: 0 | D21: 0 | E21: 0 | F21: 0.2 | G21: 0 | H21: 0 | I21: 0 | J21: 0 | K21: 0 | L21: 0 | M21: 0 | N21: 0 | O21: 0 | P21: 0 | Q21: 0 | R21: 0 | S21: 0 | T21: 0 | U21: 0 | V21: 0 | W21: 0 | X21: 0 | Y21: 0 | AA21: HLS_Act | AC21: D | AD21: 80
B22: 0 | C22: 0 | D22: 0 | E22: 0 | F22: 0 | G22: 0 | H22: 0 | I22: 0 | J22: 0 | K22: 0 | L22: 0 | M22: 0 | N22: 0 | O22: 0 | P22: 0 | Q22: 0 | R22: 0 | S22: 0 | T22: 0 | U22: 0 | V22: 0.9 | W22: 0 | X22: 0 | Y22: 0 | AA22: GC_Obs | AC22: D | AD22: 80
B23: 0 | C23: 0 | D23: 0 | E23: 0 | F23: 0 | G23: 0 | H23: 0 | I23: 0 | J23: 0 | K23: 0 | L23: 0 | M23: 0 | N23: 0 | O23: 0 | P23: 0 | Q23: 0 | R23: 0 | S23: 0 | T23: 0 | U23: 0 | V23: 0 | W23: 0.9 | X23: 0 | Y23: 0 | AA23: GC_Ori | AC23: D | AD23: 80
B24: 0 | C24: 0 | D24: 0 | E24: 0 | F24: 0 | G24: 0 | H24: 0 | I24: 0 | J24: 0 | K24: 0 | L24: 0 | M24: 0 | N24: 0 | O24: 0 | P24: 0 | Q24: 0 | R24: 0 | S24: 0 | T24: 0 | U24: 0 | V24: 0 | W24: 0 | X24: 0.9 | Y24: 0 | AA24: GC_Dec | AC24: D | AD24: 80
B25: 0 | C25: 0 | D25: 0 | E25: 0 | F25: 0 | G25: 0 | H25: 0 | I25: 0 | J25: 0 | K25: 0 | L25: 0 | M25: 0 | N25: 0 | O25: 0 | P25: 0 | Q25: 0 | R25: 0 | S25: 0 | T25: 0 | U25: 0 | V25: 0 | W25: 0 | X25: 0 | Y25: 0 | AA25: GC_Act | AC25: D | AD25: 80
B26: 0 | C26: 0 | D26: 0 | E26: 0 | F26: 0 | G26: 0 | H26: 0 | I26: 0 | J26: 0 | K26: 0 | L26: 0 | M26: 0 | N26: 0 | O26: 0 | P26: 0 | Q26: 0 | R26: 0 | S26: 0 | T26: 0 | U26: 0 | V26: 0 | W26: 0 | X26: 0 | Y26: 0 | AA26: SciEq_Act | AC26: D | AD26: 80
A28: DESINTATION | B28: Crew1_Obs | C28: Crew1_Ori | D28: Crew1_Dec | E28: Crew1_Act | F28: Crew2_Obs | G28: Crew2_Ori | H28: Crew2_Dec | I28: Crew2_Act | J28: Crew3_Obs | K28: Crew3_Ori | L28: Crew3_Dec | M28: Crew3_Act | N28: LTV_Obs | O28: LTV_Ori | P28: LTV_Dec | Q28: LTV_Act | R28: HLS_Obs | S28: HLS_Ori | T28: HLS_Act | U28: GC_Obs | V28: GC_Ori | W28: GC_Dec | X28: GC_Act | Y28: SciEq_Act
A30: COD
B31: 0 | C31: 100 | D31: 0 | E31: 0 | F31: 0 | G31: 0 | H31: 0 | I31: 0 | J31: 0 | K31: 0 | L31: 0 | M31: 0 | N31: 0 | O31: 0 | P31: 0 | Q31: 0 | R31: 100 | S31: 0 | T31: 0 | U31: 0 | V31: 0 | W31: 0 | X31: 0 | Y31: 0 | AA31: Crew1_Obs
B32: 0 | C32: 0 | D32: 100 | E32: 0 | F32: 0 | G32: 0 | H32: 0 | I32: 0 | J32: 0 | K32: 0 | L32: 0 | M32: 0 | N32: 0 | O32: 0 | P32: 0 | Q32: 0 | R32: 0 | S32: 0 | T32: 0 | U32: 0 | V32: 0 | W32: 0 | X32: 0 | Y32: 0 | AA32: Crew1_Ori
B33: 0 | C33: 0 | D33: 0 | E33: 100 | F33: 0 | G33: 0 | H33: 0 | I33: 0 | J33: 0 | K33: 0 | L33: 0 | M33: 0 | N33: 0 | O33: 0 | P33: 0 | Q33: 0 | R33: 0 | S33: 0 | T33: 0 | U33: 0 | V33: 0 | W33: 0 | X33: 0 | Y33: 50 | AA33: Crew1_Dec
B34: 0 | C34: 0 | D34: 0 | E34: 0 | F34: 0 | G34: 0 | H34: 0 | I34: 0 | J34: 0 | K34: 0 | L34: 0 | M34: 0 | N34: 0 | O34: 0 | P34: 0 | Q34: 100 | R34: 0 | S34: 0 | T34: 0 | U34: 0 | V34: 0 | W34: 0 | X34: 0 | Y34: 0 | AA34: Crew1_Act
B35: 0 | C35: 0 | D35: 0 | E35: 0 | F35: 0 | G35: 100 | H35: 0 | I35: 0 | J35: 0 | K35: 0 | L35: 0 | M35: 0 | N35: 0 | O35: 0 | P35: 0 | Q35: 0 | R35: 100 | S35: 0 | T35: 0 | U35: 0 | V35: 0 | W35: 0 | X35: 0 | Y35: 0 | AA35: Crew2_Obs
B36: 0 | C36: 0 | D36: 0 | E36: 0 | F36: 0 | G36: 0 | H36: 100 | I36: 0 | J36: 0 | K36: 0 | L36: 0 | M36: 0 | N36: 0 | O36: 0 | P36: 0 | Q36: 0 | R36: 0 | S36: 0 | T36: 0 | U36: 0 | V36: 0 | W36: 0 | X36: 0 | Y36: 0 | AA36: Crew2_Ori
B37: 0 | C37: 0 | D37: 0 | E37: 0 | F37: 0 | G37: 0 | H37: 0 | I37: 100 | J37: 0 | K37: 0 | L37: 0 | M37: 0 | N37: 0 | O37: 0 | P37: 0 | Q37: 0 | R37: 0 | S37: 0 | T37: 0 | U37: 0 | V37: 0 | W37: 0 | X37: 0 | Y37: 50 | AA37: Crew2_Dec
B38: 0 | C38: 0 | D38: 0 | E38: 0 | F38: 0 | G38: 0 | H38: 0 | I38: 0 | J38: 0 | K38: 0 | L38: 0 | M38: 0 | N38: 0 | O38: 0 | P38: 0 | Q38: 0 | R38: 0 | S38: 0 | T38: 0 | U38: 0 | V38: 0 | W38: 0 | X38: 0 | Y38: 100 | AA38: Crew2_Act
B39: 0 | C39: 0 | D39: 0 | E39: 0 | F39: 0 | G39: 0 | H39: 0 | I39: 0 | J39: 0 | K39: 0 | L39: 0 | M39: 0 | N39: 0 | O39: 0 | P39: 0 | Q39: 0 | R39: 0 | S39: 0 | T39: 0 | U39: 0 | V39: 0 | W39: 0 | X39: 0 | Y39: 0 | AA39: Crew3_Obs
B40: 0 | C40: 0 | D40: 0 | E40: 0 | F40: 0 | G40: 0 | H40: 0 | I40: 0 | J40: 0 | K40: 0 | L40: 0 | M40: 0 | N40: 0 | O40: 0 | P40: 0 | Q40: 0 | R40: 0 | S40: 0 | T40: 0 | U40: 0 | V40: 0 | W40: 0 | X40: 0 | Y40: 0 | AA40: Crew3_Ori
B41: 0 | C41: 0 | D41: 0 | E41: 0 | F41: 0 | G41: 0 | H41: 0 | I41: 0 | J41: 0 | K41: 0 | L41: 0 | M41: 0 | N41: 0 | O41: 0 | P41: 0 | Q41: 0 | R41: 0 | S41: 0 | T41: 0 | U41: 0 | V41: 0 | W41: 0 | X41: 0 | Y41: 0 | AA41: Crew3_Dec
B42: 0 | C42: 0 | D42: 0 | E42: 0 | F42: 0 | G42: 0 | H42: 0 | I42: 0 | J42: 0 | K42: 0 | L42: 0 | M42: 0 | N42: 0 | O42: 0 | P42: 0 | Q42: 0 | R42: 0 | S42: 0 | T42: 0 | U42: 0 | V42: 0 | W42: 0 | X42: 0 | Y42: 0 | AA42: Crew3_Act
... B54: 0 | C54: 0 | D54: 0 | E54: 0 | F54: 0 | G54: 0 | H54: 0 | I54: 0 | J54: 0 | K54: 0 | L54: 0 | M54: 0 | N54: 0 | O54: 0 | P54: 0 | Q54: 0 | R54: 0 | S54: 0 | T54: 0 | U54: 0 | V54: 0 | W54: 0 | X54: 0 | Y54: 0 | AA54: SciEq_Act
A56: DESTINATION | B56: Crew1_Obs | C56: Crew1_Ori | D56: Crew1_Dec | E56: Crew1_Act | F56: Crew2_Obs | G56: Crew2_Ori | H56: Crew2_Dec | I56: Crew2_Act | J56: Crew3_Obs | K56: Crew3_Ori | L56: Crew3_Dec | M56: Crew3_Act | N56: LTV_Obs | O56: LTV_Ori | P56: LTV_Dec | Q56: LTV_Act | R56: HLS_Obs | S56: HLS_Ori | T56: HLS_Act | U56: GC_Obs | V56: GC_Ori | W56: GC_Dec | X56: GC_Act | Y56: SciEq_Act
A58: IOD
B59: 0 | C59: 90 | D59: 0 | E59: 0 | F59: 0 | G59: 0 | H59: 0 | I59: 0 | J59: 0 | K59: 0 | L59: 0 | M59: 0 | N59: 0 | O59: 0 | P59: 0 | Q59: 0 | R59: 10 | S59: 0 | T59: 0 | U59: 0 | V59: 0 | W59: 0 | X59: 0 | Y59: 0 | AA59: Crew1_Obs
B60: 0 | C60: 0 | D60: 90 | E60: 0 | F60: 0 | G60: 0 | H60: 0 | I60: 0 | J60: 0 | K60: 0 | L60: 0 | M60: 0 | N60: 0 | O60: 0 | P60: 0 | Q60: 0 | R60: 0 | S60: 0 | T60: 0 | U60: 0 | V60: 0 | W60: 0 | X60: 0 | Y60: 0 | AA60: Crew1_Ori
B61: 0 | C61: 0 | D61: 0 | E61: 90 | F61: 0 | G61: 0 | H61: 0 | I61: 0 | J61: 0 | K61: 0 | L61: 0 | M61: 0 | N61: 0 | O61: 0 | P61: 0 | Q61: 0 | R61: 0 | S61: 0 | T61: 0 | U61: 0 | V61: 0 | W61: 0 | X61: 0 | Y61: 50 | AA61: Crew1_Dec
B62: 0 | C62: 0 | D62: 0 | E62: 0 | F62: 0 | G62: 0 | H62: 0 | I62: 0 | J62: 0 | K62: 0 | L62: 0 | M62: 0 | N62: 0 | O62: 0 | P62: 0 | Q62: 80 | R62: 0 | S62: 0 | T62: 0 | U62: 0 | V62: 0 | W62: 0 | X62: 0 | Y62: 0 | AA62: Crew1_Act
B63: 0 | C63: 0 | D63: 0 | E63: 0 | F63: 0 | G63: 90 | H63: 0 | I63: 0 | J63: 0 | K63: 0 | L63: 0 | M63: 0 | N63: 0 | O63: 0 | P63: 0 | Q63: 0 | R63: 10 | S63: 0 | T63: 0 | U63: 0 | V63: 0 | W63: 0 | X63: 0 | Y63: 0 | AA63: Crew2_Obs
B64: 0 | C64: 0 | D64: 0 | E64: 0 | F64: 0 | G64: 0 | H64: 90 | I64: 0 | J64: 0 | K64: 0 | L64: 0 | M64: 0 | N64: 0 | O64: 0 | P64: 0 | Q64: 0 | R64: 0 | S64: 0 | T64: 0 | U64: 0 | V64: 0 | W64: 0 | X64: 0 | Y64: 0 | AA64: Crew2_Ori
B65: 0 | C65: 0 | D65: 0 | E65: 0 | F65: 0 | G65: 0 | H65: 0 | I65: 90 | J65: 0 | K65: 0 | L65: 0 | M65: 0 | N65: 0 | O65: 0 | P65: 0 | Q65: 0 | R65: 0 | S65: 0 | T65: 0 | U65: 0 | V65: 0 | W65: 0 | X65: 0 | Y65: 50 | AA65: Crew2_Dec
B66: 0 | C66: 0 | D66: 0 | E66: 0 | F66: 0 | G66: 0 | H66: 0 | I66: 0 | J66: 0 | K66: 0 | L66: 0 | M66: 0 | N66: 0 | O66: 0 | P66: 0 | Q66: 0 | R66: 0 | S66: 0 | T66: 0 | U66: 0 | V66: 0 | W66: 0 | X66: 0 | Y66: 100 | AA66: Crew2_Act
B67: =B63 -> 0 | C67: 0 | D67: 0 | E67: 0 | F67: 0 | G67: 0 | H67: 0 | I67: 0 | J67: 0 | K67: 0 | L67: 0 | M67: 0 | N67: =N63 -> 0 | O67: =O63 -> 0 | P67: =P63 -> 0 | Q67: =Q63 -> 0 | R67: 0 | S67: =S63 -> 0 | T67: =T63 -> 0 | U67: =U63 -> 0 | V67: =V63 -> 0 | W67: =W63 -> 0 | X67: =X63 -> 0 | Y67: =Y63 -> 0 | AA67: Crew3_Obs
B68: 0 | C68: 0 | D68: 0 | E68: 0 | F68: 0 | G68: 0 | H68: 0 | I68: 0 | J68: 0 | K68: 0 | L68: 0 | M68: 0 | N68: =N64 -> 0 | O68: =O64 -> 0 | P68: =P64 -> 0 | Q68: =Q64 -> 0 | R68: =R64 -> 0 | S68: =S64 -> 0 | T68: =T64 -> 0 | U68: =U64 -> 0 | ... Y68: =Y64 -> 0 | AA68: Crew3_Ori
B69: 0 | C69: 0 | D69: 0 | E69: 0 | F69: 0 | G69: 0 | H69: 0 | I69: 0 | J69: 0 | K69: 0 | L69: 0 | M69: 0 | N69: =N65 -> 0 | O69: =O65 -> 0 | P69: =P65 -> 0 | Q69: =Q65 -> 0 | R69: =R65 -> 0 | S69: =S65 -> 0 | T69: =T65 -> 0 | U69: =U65 -> 0 | ... X69: =X65 -> 0 | Y69: 0 | AA69: Crew3_Dec
B70: 0 | C70: 0 | D70: 0 | E70: 0 | F70: 0 | G70: 0 | H70: 0 | I70: 0 | J70: 0 | K70: 0 | L70: 0 | M70: 0 | N70: =N66 -> 0 | O70: =O66 -> 0 | P70: =P66 -> 0 | Q70: =Q66 -> 0 | R70: =R66 -> 0 | S70: =S66 -> 0 | T70: =T66 -> 0 | U70: =U66 -> 0 | ... X70: =X66 -> 0 | Y70: 0 | AA70: Crew3_Act
B71: 0 | C71: 0 | D71: 0 | E71: 0 | F71: 0 | G71: 0 | H71: 0 | I71: 0 | J71: =F71 -> 0 | K71: =G71 -> 0 | L71: =H71 -> 0 | M71: =I71 -> 0 | N71: 0 | O71: 90 | P71: 0 | Q71: 0 | R71: 0 | S71: 0 | T71: 0 | U71: 0 | V71: 0 | W71: 0 | X71: 0 | Y71: 0 | AA71: LTV_Obs
B72: 0 | C72: 0 | D72: 70 | E72: 0 | F72: 0 | G72: 0 | H72: 0 | I72: 0 | J72: =F72 -> 0 | K72: =G72 -> 0 | L72: =H72 -> 0 | M72: =I72 -> 0 | N72: 0 | O72: 0 | P72: 0 | Q72: 0 | R72: 0 | S72: 0 | T72: 0 | U72: 0 | V72: 0 | W72: 0 | X72: 0 | Y72: 0 | AA72: LTV_Ori
B73: 0 | C73: 0 | D73: 0 | E73: 0 | F73: 0 | G73: 0 | H73: 0 | I73: 0 | J73: =F73 -> 0 | K73: =G73 -> 0 | L73: =H73 -> 0 | M73: =I73 -> 0 | N73: 0 | O73: 0 | P73: 0 | Q73: 0 | R73: 0 | S73: 0 | T73: 0 | U73: 0 | V73: 0 | W73: 0 | X73: 0 | Y73: 0 | AA73: LTV_Dec
B74: 90 | C74: 0 | D74: 0 | E74: 0 | F74: 90 | G74: 0 | H74: 0 | I74: 0 | J74: 0 | K74: =G74 -> 0 | L74: =H74 -> 0 | M74: =I74 -> 0 | N74: 90 | O74: 0 | P74: 0 | Q74: 0 | R74: 0 | S74: 0 | T74: 0 | U74: 0 | V74: 0 | W74: 0 | X74: 0 | Y74: 100 | AA74: LTV_Act
B75: 0 | C75: 0 | D75: 0 | E75: 0 | F75: 0 | G75: 0 | H75: 0 | I75: 0 | J75: =F75 -> 0 | K75: =G75 -> 0 | L75: =H75 -> 0 | M75: =I75 -> 0 | N75: 0 | O75: 0 | P75: 0 | Q75: 0 | R75: 0 | S75: 90 | T75: 0 | U75: 80 | V75: 0 | W75: 0 | X75: 0 | Y75: 0 | AA75: HLS_Obs
B76: 50 | C76: 0 | D76: 0 | E76: 0 | F76: 50 | G76: 0 | H76: 0 | I76: 0 | J76: 0 | K76: =G76 -> 0 | L76: =H76 -> 0 | M76: =I76 -> 0 | N76: 0 | O76: 0 | P76: 0 | Q76: 0 | R76: 0 | S76: 0 | T76: 90 | U76: 80 | V76: 0 | W76: 0 | X76: 0 | Y76: 0 | AA76: HLS_Ori
B77: 50 | C77: 0 | D77: 0 | E77: 0 | F77: 50 | G77: 0 | H77: 0 | I77: 0 | J77: 0 | K77: =G77 -> 0 | L77: =H77 -> 0 | M77: =I77 -> 0 | N77: 0 | O77: 0 | P77: 0 | Q77: 0 | R77: 0 | S77: 0 | T77: 0 | U77: 0 | V77: 0 | W77: 0 | X77: 0 | Y77: 0 | AA77: HLS_Act
B78: 0 | C78: 0 | D78: 0 | E78: 0 | F78: 0 | G78: 0 | H78: 0 | I78: 0 | J78: 0 | K78: =G78 -> 0 | L78: =H78 -> 0 | M78: =I78 -> 0 | N78: 0 | O78: 0 | P78: 0 | Q78: 0 | R78: 0 | S78: 0 | T78: 0 | U78: 0 | V78: 90 | W78: 0 | X78: 0 | Y78: 0 | AA78: GC_Obs
B79: 0 | C79: 0 | D79: 0 | E79: 0 | F79: 0 | G79: 0 | H79: 0 | I79: 0 | J79: =F79 -> 0 | K79: =G79 -> 0 | L79: =H79 -> 0 | M79: =I79 -> 0 | N79: 0 | O79: 0 | P79: 0 | Q79: 0 | R79: 0 | S79: 0 | T79: 0 | U79: 0 | V79: 0 | W79: 90 | X79: 0 | Y79: 0 | AA79: GC_Ori
B80: 0 | C80: 0 | D80: 0 | E80: 0 | F80: 0 | G80: 0 | H80: 0 | I80: 0 | J80: =F80 -> 0 | K80: =G80 -> 0 | L80: =H80 -> 0 | M80: =I80 -> 0 | N80: 0 | O80: 0 | P80: 0 | Q80: 0 | R80: 0 | S80: 0 | T80: 0 | U80: 0 | V80: 0 | W80: 0 | X80: 90 | Y80: 0 | AA80: GC_Dec
B81: 0 | C81: 0 | D81: 0 | E81: 0 | F81: 0 | G81: 0 | H81: 0 | I81: 0 | J81: =F81 -> 0 | K81: =G81 -> 0 | L81: =H81 -> 0 | M81: =I81 -> 0 | N81: 0 | O81: 0 | P81: 0 | Q81: 0 | R81: 0 | S81: 0 | T81: 0 | U81: 0 | V81: 0 | W81: 0 | X81: 0 | Y81: 0 | AA81: GC_Act
B82: 0 | C82: 0 | D82: 0 | E82: 0 | F82: 0 | G82: 0 | H82: 0 | I82: 0 | J82: =F82 -> 0 | K82: =G82 -> 0 | L82: =H82 -> 0 | M82: =I82 -> 0 | N82: 0 | O82: 0 | P82: 0 | Q82: 0 | R82: 0 | S82: 0 | T82: 0 | U82: 0 | V82: 0 | W82: 0 | X82: 0 | Y82: 0 | AA82: SciEq_Act
A84: DESTINATION | B84: Crew1_Obs | C84: Crew1_Ori | D84: Crew1_Dec | E84: Crew1_Act | F84: Crew2_Obs | G84: Crew2_Ori | H84: Crew2_Dec | I84: Crew2_Act | J84: Crew3_Obs | K84: Crew3_Ori | L84: Crew3_Dec | M84: Crew3_Act | N84: LTV_Obs | O84: LTV_Ori | P84: LTV_Dec | Q84: LTV_Act | R84: HLS_Obs | S84: HLS_Ori | T84: HLS_Act | U84: GC_Obs | V84: GC_Ori | W84: GC_Dec | X84: GC_Act | Y84: SciEq_Act

Sheet Event Register
A1: Network Event/Condition Group | B1: CONDITION SWITCH | C1: X% | D1: Metric Affected | E1: System(s) Affected [Edges: source | destination] | G1: Default Value (0%) | H1: Transient (X%) Value | I1: Switched Value | J1: Condition Applied (100%) Value | L1: THIS SHEET IS REFERENCED; CHANGE WITH CAUTION
A2: Add Crew #3 | B2: 1 | C2: 100 | D2: SE; alpha | E2: Crew3_Obs | G2: ='Default Network Metrics'!AD11 -> 0 | H2: =(1-($C$2/100))*G2+($C$2/100)*I2 -> 5 | I2: =J2*$B$2+G2*(1-$B$2) -> 5 | J2: 5
D3: SE; alpha | E3: Crew3_Ori | G3: ='Default Network Metrics'!AD12 -> 0 | H3: =(1-($C$2/100))*G3+($C$2/100)*I3 -> 5 | I3: =J3*$B$2+G3*(1-$B$2) -> 5 | J3: 5
D4: SE; alpha | E4: Crew3_Dec | G4: ='Default Network Metrics'!AD13 -> 0 | H4: =(1-($C$2/100))*G4+($C$2/100)*I4 -> 5 | I4: =J4*$B$2+G4*(1-$B$2) -> 5 | J4: 5
D5: SE; alpha | E5: Crew3_Act | G5: ='Default Network Metrics'!AD14 -> 0 | H5: =(1-($C$2/100))*G5+($C$2/100)*I5 -> 5 | I5: =J5*$B$2+G5*(1-$B$2) -> 5 | J5: 5
D6: SE; beta | E6: Crew3_Obs | G6: ='Default Network Metrics'!AE11 -> 0 | H6: =(1-($C$2/100))*G6+($C$2/100)*I6 -> 2 | I6: =J6*$B$2+G6*(1-$B$2) -> 2 | J6: 2
D7: SE; beta | E7: Crew3_Ori | G7: ='Default Network Metrics'!AE12 -> 0 | H7: =(1-($C$2/100))*G7+($C$2/100)*I7 -> 2 | I7: =J7*$B$2+G7*(1-$B$2) -> 2 | J7: 2
D8: SE; beta | E8: Crew3_Dec | G8: ='Default Network Metrics'!AE13 -> 0 | H8: =(1-($C$2/100))*G8+($C$2/100)*I8 -> 2 | I8: =J8*$B$2+G8*(1-$B$2) -> 2 | J8: 2
D9: SE; beta | E9: Crew3_Act | G9: ='Default Network Metrics'!AE14 -> 0 | H9: =(1-($C$2/100))*G9+($C$2/100)*I9 -> 2 | I9: =J9*$B$2+G9*(1-$B$2) -> 2 | J9: 2
D10: SOD | E10: Crew3_Obs | F10: Crew3_Ori | G10: ='Default Network Metrics'!K11 -> 0 | H10: =(1-($C$2/100))*G10+($C$2/100)*I10 -> 0.9 | I10: =J10*$B$2+G10*(1-$B$2) -> 0.9 | J10: 0.9
D11: COD | E11: Crew3_Obs | F11: Crew3_Ori | G11: ='Default Network Metrics'!K39 -> 0 | H11: =(1-($C$2/100))*G11+($C$2/100)*I11 -> 100 | I11: =J11*$B$2+G11*(1-$B$2) -> 100 | J11: 100
D12: IOD | E12: Crew3_Obs | F12: Crew3_Ori | G12: ='Default Network Metrics'!K67 -> 0 | H12: =(1-($C$2/100))*G12+($C$2/100)*I12 -> 90 | I12: =J12*$B$2+G12*(1-$B$2) -> 90 | J12: 90
D13: SOD | E13: Crew3_Ori | F13: Crew3_Dec | G13: ='Default Network Metrics'!L12 -> 0 | H13: =(1-($C$2/100))*G13+($C$2/100)*I13 -> 0.9 | I13: =J13*$B$2+G13*(1-$B$2) -> 0.9 | J13: 0.9
D14: COD | E14: Crew3_Ori | F14: Crew3_Dec | G14: ='Default Network Metrics'!L40 -> 0 | H14: =(1-($C$2/100))*G14+($C$2/100)*I14 -> 100 | I14: =J14*$B$2+G14*(1-$B$2) -> 100 | J14: 100
D15: IOD | E15: Crew3_Ori | F15: Crew3_Dec | G15: ='Default Network Metrics'!L68 -> 0 | H15: =(1-($C$2/100))*G15+($C$2/100)*I15 -> 90 | I15: =J15*$B$2+G15*(1-$B$2) -> 90 | J15: 90
D16: SOD | E16: Crew3_Dec | F16: Crew3_Act | G16: ='Default Network Metrics'!M13 -> 0 | H16: =(1-($C$2/100))*G16+($C$2/100)*I16 -> 0.9 | I16: =J16*$B$2+G16*(1-$B$2) -> 0.9 | J16: 0.9
D17: COD | E17: Crew3_Dec | F17: Crew3_Act | G17: ='Default Network Metrics'!M41 -> 0 | H17: =(1-($C$2/100))*G17+($C$2/100)*I17 -> 100 | I17: =J17*$B$2+G17*(1-$B$2) -> 100 | J17: 100
D18: IOD | E18: Crew3_Dec | F18: Crew3_Act | G18: ='Default Network Metrics'!M69 -> 0 | H18: =(1-($C$2/100))*G18+($C$2/100)*I18 -> 90 | I18: =J18*$B$2+G18*(1-$B$2) -> 90 | J18: 90
D19: SOD | E19: Crew3_Obs | F19: HLS_Obs | G19: ='Default Network Metrics'!R11 -> 0 | H19: =(1-($C$2/100))*G19+($C$2/100)*I19 -> 1 | I19: =J19*$B$2+G19*(1-$B$2) -> 1 | J19: 1
D20: COD | E20: Crew3_Obs | F20: HLS_Obs | G20: ='Default Network Metrics'!R39 -> 0 | H20: =(1-($C$2/100))*G20+($C$2/100)*I20 -> 100 | I20: =J20*$B$2+G20*(1-$B$2) -> 100 | J20: 100
D21: IOD | E21: Crew3_Obs | F21: HLS_Obs | G21: ='Default Network Metrics'!R67 -> 0 | H21: =(1-($C$2/100))*G21+($C$2/100)*I21 -> 10 | I21: =J21*$B$2+G21*(1-$B$2) -> 10 | J21: 10
D22: SOD | E22: Crew3_Dec | F22: Sci_EqAct | G22: ='Default Network Metrics'!Y13 -> 0 | H22: =(1-($C$2/100))*G22+($C$2/100)*I22 -> 0.5 | I22: =J22*$B$2+G22*(1-$B$2) -> 0.5 | J22: 0.5
D23: COD | E23: Crew3_Dec | F23: Sci_EqAct | G23: ='Default Network Metrics'!Y41 -> 0 | H23: =(1-($C$2/100))*G23+($C$2/100)*I23 -> 50 | I23: =J23*$B$2+G23*(1-$B$2) -> 50 | J23: 50
D24: IOD | E24: Crew3_Dec | F24: Sci_EqAct | G24: ='Default Network Metrics'!Y69 -> 0 | H24: =(1-($C$2/100))*G24+($C$2/100)*I24 -> 50 | I24: =J24*$B$2+G24*(1-$B$2) -> 50 | J24: 50
D25: SOD | E25: Crew3_Act | F25: Sci_EqAct | G25: ='Default Network Metrics'!Y14 -> 0 | H25: =(1-($C$2/100))*G25+($C$2/100)*I25 -> 0.9 | I25: =J25*$B$2+G25*(1-$B$2) -> 0.9 | J25: 0.9
D26: COD | E26: Crew3_Act | F26: Sci_EqAct | G26: ='Default Network Metrics'!Y42 -> 0 | H26: =(1-($C$2/100))*G26+($C$2/100)*I26 -> 100 | I26: =J26*$B$2+G26*(1-$B$2) -> 100 | J26: 100
D27: IOD | E27: Crew3_Act | F27: Sci_EqAct | G27: ='Default Network Metrics'!Y70 -> 0 | H27: =(1-($C$2/100))*G27+($C$2/100)*I27 -> 100 | I27: =J27*$B$2+G27*(1-$B$2) -> 100 | J27: 100
D28: SOD | E28: LTV_Act | F28: Crew3_Obs | G28: ='Default Network Metrics'!J18 -> 0 | H28: =(1-($C$2/100))*G28+($C$2/100)*I28 -> 0.8 | I28: =J28*$B$2+G28*(1-$B$2) -> 0.8 | J28: 0.8
D29: COD | E29: LTV_Act | F29: Crew3_Obs | G29: ='Default Network Metrics'!J46 -> 0 | H29: =(1-($C$2/100))*G29+($C$2/100)*I29 -> 90 | I29: =J29*$B$2+G29*(1-$B$2) -> 90 | J29: 90
D30: IOD | E30: LTV_Act | F30: Crew3_Obs | G30: ='Default Network Metrics'!J74 -> 0 | H30: =(1-($C$2/100))*G30+($C$2/100)*I30 -> 90 | I30: =J30*$B$2+G30*(1-$B$2) -> 90 | J30: 90
D31: SOD | E31: HLS_Ori | F31: Crew3_Obs | G31: ='Default Network Metrics'!J20 -> 0 | H31: =(1-($C$2/100))*G31+($C$2/100)*I31 -> 0.5 | I31: =J31*$B$2+G31*(1-$B$2) -> 0.5 | J31: 0.5
D32: COD | E32: HLS_Ori | F32: Crew3_Obs | G32: ='Default Network Metrics'!J48 -> 0 | H32: =(1-($C$2/100))*G32+($C$2/100)*I32 -> 80 | I32: =J32*$B$2+G32*(1-$B$2) -> 80 | J32: 80
D33: IOD | E33: HLS_Ori | F33: Crew3_Obs | G33: ='Default Network Metrics'!J76 -> 0 | H33: =(1-($C$2/100))*G33+($C$2/100)*I33 -> 50 | I33: =J33*$B$2+G33*(1-$B$2) -> 50 | J33: 50
D34: SOD | E34: HLS_Act | F34: Crew3_Obs | G34: ='Default Network Metrics'!J21 -> 0 | H34: =(1-($C$2/100))*G34+($C$2/100)*I34 -> 0.2 | I34: =J34*$B$2+G34*(1-$B$2) -> 0.2 | J34: 0.2
D35: COD | E35: HLS_Act | F35: Crew3_Obs | G35: ='Default Network Metrics'!J49 -> 0 | H35: =(1-($C$2/100))*G35+($C$2/100)*I35 -> 50 | I35: =J35*$B$2+G35*(1-$B$2) -> 50 | J35: 50
D36: IOD | E36: HLS_Act | F36: Crew3_Obs | G36: ='Default Network Metrics'!J77 -> 0 | H36: =(1-($C$2/100))*G36+($C$2/100)*I36 -> 50 | I36: =J36*$B$2+G36*(1-$B$2) -> 50 | J36: 50
A37: LTV Autonomy (FA) | B37: 0 | C37: 100 | D37: SE; value | E37: LTV_Dec | G37: ='Default Network Metrics'!AD17 -> 0 | H37: =(1-($C$37/100))*G37+($C$37/100)*I37 -> 0 | I37: =J37*$B$37+G37*(1-$B$37) -> 0 | J37: 80
D38: SOD | E38: LTV_Ori | F38: LTV_Dec | G38: ='Default Network Metrics'!P16 -> 0 | H38: =(1-($C$37/100))*G38+($C$37/100)*I38 -> 0 | I38: =J38*$B$37+G38*(1-$B$37) -> 0 | J38: 0.9
D39: COD | E39: LTV_Ori | F39: LTV_Dec | G39: ='Default Network Metrics'!P44 -> 0 | H39: =(1-($C$37/100))*G39+($C$37/100)*I39 -> 0 | I39: =J39*$B$37+G39*(1-$B$37) -> 0 | J39: 100
D40: IOD | E40: LTV_Ori | F40: LTV_Dec | G40: ='Default Network Metrics'!P72 -> 0 | H40: =(1-($C$37/100))*G40+($C$37/100)*I40 -> 0 | I40: =J40*$B$37+G40*(1-$B$37) -> 0 | J40: 90
D41: SOD | E41: LTV_Dec | F41: LTV_Act | G41: ='Default Network Metrics'!Q17 -> 0 | H41: =(1-($C$37/100))*G41+($C$37/100)*I41 -> 0 | I41: =J41*$B$37+G41*(1-$B$37) -> 0 | J41: 0.9
D42: COD | E42: LTV_Dec | F42: LTV_Act | G42: ='Default Network Metrics'!Q45 -> 0 | H42: =(1-($C$37/100))*G42+($C$37/100)*I42 -> 0 | I42: =J42*$B$37+G42*(1-$B$37) -> 0 | J42: 100
D43: IOD | E43: LTV_Dec | F43: LTV_Act | G43: ='Default Network Metrics'!Q73 -> 0 | H43: =(1-($C$37/100))*G43+($C$37/100)*I43 -> 0 | I43: =J43*$B$37+G43*(1-$B$37) -> 0 | J43: 90
D44: SOD | E44: Crew1_Act | F44: LTV_Act | G44: ='Default Network Metrics'!Q6 -> 0.9 | H44: =(1-($C$37/100))*G44+($C$37/100)*I44 -> 0.9 | I44: =J44*$B$37+G44*(1-$B$37) -> 0.9 | J44: 0
D45: COD | E45: Crew1_Act | F45: LTV_Act | G45: ='Default Network Metrics'!Q34 -> 100 | H45: =(1-($C$37/100))*G45+($C$37/100)*I45 -> 100 | I45: =J45*$B$37+G45*(1-$B$37) -> 100 | J45: 0
D46: IOD | E46: Crew1_Act | F46: LTV_Act | G46: ='Default Network Metrics'!Q62 -> 80 | H46: =(1-($C$37/100))*G46+($C$37/100)*I46 -> 80 | I46: =J46*$B$37+G46*(1-$B$37) -> 80 | J46: 0
D47: SOD | E47: Crew1_Act | F47: Sci_EqAct | G47: ='Default Network Metrics'!Y6 -> 0 | H47: =(1-($C$37/100))*G47+($C$37/100)*I47 -> 0 | I47: =J47*$B$37+G47*(1-$B$37) -> 0 | J47: 0.9
D48: COD | E48: Crew1_Act | F48: Sci_EqAct | G48: ='Default Network Metrics'!Y34 -> 0 | H48: =(1-($C$37/100))*G48+($C$37/100)*I48 -> 0 | I48: =J48*$B$37+G48*(1-$B$37) -> 0 | J48: 100
D49: IOD | E49: Crew1_Act | F49: Sci_EqAct | G49: ='Default Network Metrics'!Y62 -> 0 | H49: =(1-($C$37/100))*G49+($C$37/100)*I49 -> 0 | I49: =J49*$B$37+G49*(1-$B$37) -> 0 | J49: 100
A50: LTV Autonomy (Obs, Ori, D) | B50: 0 | C50: 100 | D50: SE; value | E50: LTV_Dec | G50: ='Default Network Metrics'!AD17 -> 0 | H50: =(1-($C$50/100))*G50+($C$50/100)*I50 -> 0 | I50: =J50*$B$50+G50*(1-$B$50) -> 0 | J50: 80
A51: *NOTE: On the table, (Obs, Ori, A) corresponds to our default network | D51: SOD | E51: LTV_Ori | F51: LTV_Dec | G51: ='Default Network Metrics'!P16 -> 0 | H51: =(1-($C$50/100))*G51+($C$50/100)*I51 -> 0 | I51: =J51*$B$50+G51*(1-$B$50) -> 0 | J51: 0.9
D52: COD | E52: LTV_Ori | F52: LTV_Dec | G52: ='Default Network Metrics'!P44 -> 0 | H52: =(1-($C$50/100))*G52+($C$50/100)*I52 -> 0 | I52: =J52*$B$50+G52*(1-$B$50) -> 0 | J52: 100
D53: IOD | E53: LTV_Ori | F53: LTV_Dec | G53: ='Default Network Metrics'!P72 -> 0 | H53: =(1-($C$50/100))*G53+($C$50/100)*I53 -> 0 | I53: =J53*$B$50+G53*(1-$B$50) -> 0 | J53: 90
D54: SOD | E54: LTV_Dec | F54: LTV_Act | G54: ='Default Network Metrics'!Q17 -> 0 | H54: =(1-($C$50/100))*G54+($C$50/100)*I54 -> 0 | I54: =J54*$B$50+G54*(1-$B$50) -> 0 | J54: 0
D55: COD | E55: LTV_Dec | F55: LTV_Act | G55: ='Default Network Metrics'!Q45 -> 0 | H55: =(1-($C$50/100))*G55+($C$50/100)*I55 -> 0 | I55: =J55*$B$50+G55*(1-$B$50) -> 0 | J55: 20
D56: IOD | E56: LTV_Dec | F56: LTV_Act | G56: ='Default Network Metrics'!Q73 -> 0 | H56: =(1-($C$50/100))*G56+($C$50/100)*I56 -> 0 | I56: =J56*$B$50+G56*(1-$B$50) -> 0 | J56: 20
D57: SOD | E57: LTV_Ori | F57: Crew1_Dec | G57: ='Default Network Metrics'!D16 -> 0.5 | H57: =(1-($C$50/100))*G57+($C$50/100)*I57 -> 0.5 | I57: =J57*$B$50+G57*(1-$B$50) -> 0.5 | J57: 0
D58: COD | E58: LTV_Ori | F58: Crew1_Dec | G58: ='Default Network Metrics'!D44 -> 50 | H58: =(1-($C$50/100))*G58+($C$50/100)*I58 -> 50 | I58: =J58*$B$50+G58*(1-$B$50) -> 50 | J58: 0
D59: IOD | E59: LTV_Ori | F59: Crew1_Dec | G59: ='Default Network Metrics'!D72 -> 70 | H59: =(1-($C$50/100))*G59+($C$50/100)*I59 -> 70 | I59: =J59*$B$50+G59*(1-$B$50) -> 70 | J59: 0
D60: SOD | E60: LTV_Dec | F60: Crew1_Dec | G60: ='Default Network Metrics'!D17 -> 0 | H60: =(1-($C$50/100))*G60+($C$50/100)*I60 -> 0 | I60: =J60*$B$50+G60*(1-$B$50) -> 0 | J60: 0.5
D61: COD | E61: LTV_Dec | F61: Crew1_Dec | G61: ='Default Network Metrics'!D45 -> 0 | H61: =(1-($C$50/100))*G61+($C$50/100)*I61 -> 0 | I61: =J61*$B$50+G61*(1-$B$50) -> 0 | J61: 50
D62: IOD | E62: LTV_Dec | F62: Crew1_Dec | G62: ='Default Network Metrics'!D73 -> 0 | H62: =(1-($C$50/100))*G62+($C$50/100)*I62 -> 0 | I62: =J62*$B$50+G62*(1-$B$50) -> 0 | J62: 50
D63: SOD | E63: Crew1_Act | F63: LTV_Act | G63: ='Default Network Metrics'!Q6 -> 0.9 | H63: =(1-($C$50/100))*G63+($C$50/100)*I63 -> 0.9 | I63: =J63*$B$50+G63*(1-$B$50) -> 0.9 | J63: 0.5
D64: COD | E64: Crew1_Act | F64: LTV_Act | G64: ='Default Network Metrics'!Q34 -> 100 | H64: =(1-($C$50/100))*G64+($C$50/100)*I64 -> 100 | I64: =J64*$B$50+G64*(1-$B$50) -> 100 | J64: 50
D65: IOD | E65: Crew1_Act | F65: LTV_Act | G65: ='Default Network Metrics'!Q62 -> 80 | H65: =(1-($C$50/100))*G65+($C$50/100)*I65 -> 80 | I65: =J65*$B$50+G65*(1-$B$50) -> 80 | J65: 70
A66: Regolith Build-up | B66: 1 | C66: 100 | D66: SE; Beta | E66: Crew1_Obs | G66: ='Default Network Metrics'!AE3 -> 2 | H66: =(1-($C$66/100))*G66+($C$66/100)*I66 -> 5 | I66: =J66*$B$66+G66*(1-$B$66) -> 5 | J66: 5
D67: SE; Beta | E67: Crew2_Obs | G67: ='Default Network Metrics'!AE7 -> 2 | H67: =(1-($C$66/100))*G67+($C$66/100)*I67 -> 5 | I67: =J67*$B$66+G67*(1-$B$66) -> 5 | J67: 5
D68: SE; Beta | E68: Crew3_Obs | G68: =H6 -> 2 | H68: =(1-($C$66/100))*G68+($C$66/100)*I68 -> 5 | I68: =J68*$B$66+G68*(1-$B$66) -> 5 | J68: =5*B2 -> 5
D69: SE; Type | E69: LTV_Obs | G69: D | H69: =IF($B$66>0,IF($C$66>0,J69,G69),G69) -> B | J69: B
D70: SE; Type | E70: LTV_Act | G70: D | H70: =IF($B$66>0,IF($C$66>0,J70,G70),G70) -> B | J70: B
D71: SE; Type | E71: SciEq_Act | G71: D | H71: =IF($B$66>0,IF($C$66>0,J71,G71),G71) -> B | J71: B
D72: SE; alpha | E72: LTV_Obs | G72: =IF($B$66>0,IF($C$66>0,5,80),80) -> 5 | H72: =(1-($C$66/100))*G72+($C$66/100)*I72 -> 5 | I72: =J72*$B$66+G72*(1-$B$66) -> 5 | J72: 5
D73: SE; alpha | E73: LTV_Act | G73: =IF($B$66>0,IF($C$66>0,5,80),80) -> 5 | H73: =(1-($C$66/100))*G73+($C$66/100)*I73 -> 5 | I73: =J73*$B$66+G73*(1-$B$66) -> 5 | J73: 5
D74: SE; alpha | E74: SciEq_Act | G74: =IF($B$66>0,IF($C$66>0,5,80),80) -> 5 | H74: =(1-($C$66/100))*G74+($C$66/100)*I74 -> 5 | I74: =J74*$B$66+G74*(1-$B$66) -> 5 | J74: 5
D75: SE; beta | E75: LTV_Obs | G75: =IF($B$66>0,IF($C$66>0,2,0),0) -> 2 | H75: =(1-($C$66/100))*G75+($C$66/100)*I75 -> 5 | I75: =J75*$B$66+G75*(1-$B$66) -> 5 | J75: =($C$66/100)*H72+(1-($C$66/100))*2 -> 5
D76: SE; beta | E76: LTV_Act | G76: =IF($B$66>0,IF($C$66>0,2,0),0) -> 2 | H76: =(1-($C$66/100))*G76+($C$66/100)*I76 -> 5 | I76: =J76*$B$66+G76*(1-$B$66) -> 5 | J76: =($C$66/100)*H73+(1-($C$66/100))*2 -> 5
D77: SE; beta | E77: SciEq_Act | G77: =IF($B$66>0,IF($C$66>0,2,0),0) -> 2 | H77: =(1-($C$66/100))*G77+($C$66/100)*I77 -> 5 | I77: =J77*$B$66+G77*(1-$B$66) -> 5 | J77: =($C$66/100)*H74+(1-($C$66/100))*2 -> 5

Sheet n
A1: 24

Sheet SOD
A1: ='Default Network Metrics'!B3 -> 0 | B1: ='Default Network Metrics'!C3 -> 0.9 | C1: ='Default Network Metrics'!D3 -> 0 | D1: ='Default Network Metrics'!E3 -> 0 | E1: ='Default Network Metrics'!F3 -> 0 | F1: ='Default Network Metrics'!G3 -> 0 | G1: ='Default Network Metrics'!H3 -> 0 | H1: ='Default Network Metrics'!I3 -> 0 | ... X1: ='Default Network Metrics'!Y3 -> 0
A2: ='Default Network Metrics'!B4 -> 0 | B2: ='Default Network Metrics'!C4 -> 0 | C2: ='Default Network Metrics'!D4 -> 0.9 | D2: ='Default Network Metrics'!E4 -> 0 | E2: ='Default Network Metrics'!F4 -> 0 | F2: ='Default Network Metrics'!G4 -> 0 | G2: ='Default Network Metrics'!H4 -> 0 | H2: ='Default Network Metrics'!I4 -> 0 | ... X2: ='Default Network Metrics'!Y4 -> 0
A3: ='Default Network Metrics'!B5 -> 0 | B3: ='Default Network Metrics'!C5 -> 0 | C3: ='Default Network Metrics'!D5 -> 0 | D3: ='Default Network Metrics'!E5 -> 0.9 | E3: ='Default Network Metrics'!F5 -> 0 | F3: ='Default Network Metrics'!G5 -> 0 | G3: ='Default Network Metrics'!H5 -> 0 | H3: ='Default Network Metrics'!I5 -> 0 | ... X3: ='Default Network Metrics'!Y5 -> 0.5
A4: ='Default Network Metrics'!B6 -> 0 | B4: ='Default Network Metrics'!C6 -> 0 | C4: ='Default Network Metrics'!D6 -> 0 | D4: ='Default Network Metrics'!E6 -> 0 | E4: ='Default Network Metrics'!F6 -> 0 | F4: ='Default Network Metrics'!G6 -> 0 | G4: ='Default Network Metrics'!H6 -> 0 | H4: ='Default Network Metrics'!I6 -> 0 | ... O4: ='Default Network Metrics'!P6 -> 0 | P4: =MIN('Event Register'!H63,'Event Register'!H44) -> 0.9 | Q4: ='Default Network Metrics'!R6 -> 0 | R4: ='Default Network Metrics'!S6 -> 0 | S4: ='Default Network Metrics'!T6 -> 0 | T4: ='Default Network Metrics'!U6 -> 0 | U4: ='Default Network Metrics'!V6 -> 0 | V4: ='Default Network Metrics'!W6 -> 0 | W4: ='Default Network Metrics'!X6 -> 0 | X4: =MAX('Event Register'!H47) -> 0
A5: ='Default Network Metrics'!B7 -> 0 | B5: ='Default Network Metrics'!C7 -> 0 | C5: ='Default Network Metrics'!D7 -> 0 | D5: ='Default Network Metrics'!E7 -> 0 | E5: ='Default Network Metrics'!F7 -> 0 | F5: ='Default Network Metrics'!G7 -> 0.9 | G5: ='Default Network Metrics'!H7 -> 0 | H5: ='Default Network Metrics'!I7 -> 0 | ... X5: ='Default Network Metrics'!Y7 -> 0
A6: ='Default Network Metrics'!B8 -> 0 | B6: ='Default Network Metrics'!C8 -> 0 | C6: ='Default Network Metrics'!D8 -> 0 | D6: ='Default Network Metrics'!E8 -> 0 | E6: ='Default Network Metrics'!F8 -> 0 | F6: ='Default Network Metrics'!G8 -> 0 | G6: ='Default Network Metrics'!H8 -> 0.9 | H6: ='Default Network Metrics'!I8 -> 0 | ... X6: ='Default Network Metrics'!Y8 -> 0
A7: ='Default Network Metrics'!B9 -> 0 | B7: ='Default Network Metrics'!C9 -> 0 | C7: ='Default Network Metrics'!D9 -> 0 | D7: ='Default Network Metrics'!E9 -> 0 | E7: ='Default Network Metrics'!F9 -> 0 | F7: ='Default Network Metrics'!G9 -> 0 | G7: ='Default Network Metrics'!H9 -> 0 | H7: ='Default Network Metrics'!I9 -> 0.9 | ... X7: ='Default Network Metrics'!Y9 -> 0.5
A8: ='Default Network Metrics'!B10 -> 0 | B8: ='Default Network Metrics'!C10 -> 0 | C8: ='Default Network Metrics'!D10 -> 0 | D8: ='Default Network Metrics'!E10 -> 0 | E8: ='Default Network Metrics'!F10 -> 0 | F8: ='Default Network Metrics'!G10 -> 0 | G8: ='Default Network Metrics'!H10 -> 0 | H8: ='Default Network Metrics'!I10 -> 0 | ... X8: ='Default Network Metrics'!Y10 -> 0.9
A9: ='Default Network Metrics'!B11 -> 0 | B9: ='Default Network Metrics'!C11 -> 0 | C9: ='Default Network Metrics'!D11 -> 0 | D9: ='Default Network Metrics'!E11 -> 0 | E9: ='Default Network Metrics'!F11 -> 0 | F9: ='Default Network Metrics'!G11 -> 0 | G9: ='Default Network Metrics'!H11 -> 0 | H9: ='Default Network Metrics'!I11 -> 0 | I9: ='Default Network Metrics'!J11 -> 0 | J9: ='Event Register'!H10 -> 0.9 | K9: ='Default Network Metrics'!L11 -> 0 | L9: ='Default Network Metrics'!M11 -> 0 | M9: ='Default Network Metrics'!N11 -> 0 | N9: ='Default Network Metrics'!O11 -> 0 | O9: ='Default Network Metrics'!P11 -> 0 | P9: ='Default Network Metrics'!Q11 -> 0 | Q9: ='Event Register'!H19 -> 1 | R9: ='Default Network Metrics'!S11 -> 0 | S9: ='Default Network Metrics'!T11 -> 0 | T9: ='Default Network Metrics'!U11 -> 0 | U9: ='Default Network Metrics'!V11 -> 0 | V9: ='Default Network Metrics'!W11 -> 0 | W9: ='Default Network Metrics'!X11 -> 0 | X9: ='Default Network Metrics'!Y11 -> 0
A10: ='Default Network Metrics'!B12 -> 0 | B10: ='Default Network Metrics'!C12 -> 0 | C10: ='Default Network Metrics'!D12 -> 0 | D10: ='Default Network Metrics'!E12 -> 0 | E10: ='Default Network Metrics'!F12 -> 0 | F10: ='Default Network Metrics'!G12 -> 0 | G10: ='Default Network Metrics'!H12 -> 0 | H10: ='Default Network Metrics'!I12 -> 0 | ... J10: ='Default Network Metrics'!K12 -> 0 | K10: ='Event Register'!H13 -> 0.9 | L10: ='Default Network Metrics'!M12 -> 0 | M10: ='Default Network Metrics'!N12 -> 0 | N10: ='Default Network Metrics'!O12 -> 0 | O10: ='Default Network Metrics'!P12 -> 0 | P10: ='Default Network Metrics'!Q12 -> 0 | Q10: ='Default Network Metrics'!R12 -> 0 | R10: ='Default Network Metrics'!S12 -> 0 | S10: ='Default Network Metrics'!T12 -> 0 | ... X10: ='Default Network Metrics'!Y12 -> 0
A11: ='Default Network Metrics'!B13 -> 0 | B11: ='Default Network Metrics'!C13 -> 0 | C11: ='Default Network Metrics'!D13 -> 0 | D11: ='Default Network Metrics'!E13 -> 0 | E11: ='Default Network Metrics'!F13 -> 0 | F11: ='Default Network Metrics'!G13 -> 0 | G11: ='Default Network Metrics'!H13 -> 0 | H11: ='Default Network Metrics'!I13 -> 0 | ... K11: ='Default Network Metrics'!L13 -> 0 | L11: ='Event Register'!H16 -> 0.9 | M11: ='Default Network Metrics'!N13 -> 0 | N11: ='Default Network Metrics'!O13 -> 0 | O11: ='Default Network Metrics'!P13 -> 0 | P11: ='Default Network Metrics'!Q13 -> 0 | Q11: ='Default Network Metrics'!R13 -> 0 | R11: ='Default Network Metrics'!S13 -> 0 | S11: ='Default Network Metrics'!T13 -> 0 | T11: ='Default Network Metrics'!U13 -> 0 | ... W11: ='Default Network Metrics'!X13 -> 0 | X11: ='Event Register'!H22 -> 0.5
A12: ='Default Network Metrics'!B14 -> 0 | B12: ='Default Network Metrics'!C14 -> 0 | C12: ='Default Network Metrics'!D14 -> 0 | D12: ='Default Network Metrics'!E14 -> 0 | E12: ='Default Network Metrics'!F14 -> 0 | F12: ='Default Network Metrics'!G14 -> 0 | G12: ='Default Network Metrics'!H14 -> 0 | H12: ='Default Network Metrics'!I14 -> 0 | ... W12: ='Default Network Metrics'!X14 -> 0 | X12: ='Event Register'!H25 -> 0.9
A13: ='Default Network Metrics'!B15 -> 0 | B13: ='Default Network Metrics'!C15 -> 0 | C13: ='Default Network Metrics'!D15 -> 0 | D13: ='Default Network Metrics'!E15 -> 0 | E13: ='Default Network Metrics'!F15 -> 0 | F13: ='Default Network Metrics'!G15 -> 0 | G13: ='Default Network Metrics'!H15 -> 0 | H13: ='Default Network Metrics'!I15 -> 0 | ... X13: ='Default Network Metrics'!Y15 -> 0
A14: ='Default Network Metrics'!B16 -> 0 | B14: ='Default Network Metrics'!C16 -> 0 | C14: =MAX('Event Register'!H57,'Event Register'!H73) -> 5 | D14: ='Default Network Metrics'!E16 -> 0 | E14: ='Default Network Metrics'!F16 -> 0 | F14: ='Default Network Metrics'!G16 -> 0 | G14: ='Default Network Metrics'!H16 -> 0 | H14: ='Default Network Metrics'!I16 -> 0 | I14: ='Default Network Metrics'!J16 -> 0 | J14: ='Default Network Metrics'!K16 -> 0 | K14: ='Default Network Metrics'!L16 -> 0 | ... N14: ='Default Network Metrics'!O16 -> 0 | O14: =MAX('Event Register'!H38,'Event Register'!H51) -> 0 | P14: ='Default Network Metrics'!Q16 -> 0 | Q14: ='Default Network Metrics'!R16 -> 0 | R14: ='Default Network Metrics'!S16 -> 0 | S14: ='Default Network Metrics'!T16 -> 0 | T14: ='Default Network Metrics'!U16 -> 0 | U14: ='Default Network Metrics'!V16 -> 0 | V14: ='Default Network Metrics'!W16 -> 0 | W14: ='Default Network Metrics'!X16 -> 0 | X14: ='Default Network Metrics'!Y16 -> 0
A15: ='Default Network Metrics'!B17 -> 0 | B15: ='Default Network Metrics'!C17 -> 0 | C15: =MAX('Event Register'!H60) -> 0 | D15: ='Default Network Metrics'!E17 -> 0 | E15: ='Default Network Metrics'!F17 -> 0 | F15: ='Default Network Metrics'!G17 -> 0 | G15: ='Default Network Metrics'!H17 -> 0 | H15: ='Default Network Metrics'!I17 -> 0 | I15: ='Default Network Metrics'!J17 -> 0 | J15: ='Default Network Metrics'!K17 -> 0 | K15: ='Default Network Metrics'!L17 -> 0 | ... O15: ='Default Network Metrics'!P17 -> 0 | P15: =MAX('Event Register'!H41,'Event Register'!H54) -> 0 | Q15: ='Default Network Metrics'!R17 -> 0 | R15: ='Default Network Metrics'!S17 -> 0 | S15: ='Default Network Metrics'!T17 -> 0 | T15: ='Default Network Metrics'!U17 -> 0 | U15: ='Default Network Metrics'!V17 -> 0 | V15: ='Default Network Metrics'!W17 -> 0 | W15: ='Default Network Metrics'!X17 -> 0 | X15: ='Default Network Metrics'!Y17 -> 0
A16: ='Default Network Metrics'!B18 -> 0.8 | B16: ='Default Network Metrics'!C18 -> 0 | C16: ='Default Network Metrics'!D18 -> 0 | D16: ='Default Network Metrics'!E18 -> 0 | E16: ='Default Network Metrics'!F18 -> 0.8 | F16: ='Default Network Metrics'!G18 -> 0 | G16: ='Default Network Metrics'!H18 -> 0 | H16: ='Default Network Metrics'!I18 -> 0 | I16: ='Event Register'!H28 -> 0.8 | J16: ='Default Network Metrics'!K18 -> 0 | K16: ='Default Network Metrics'!L18 -> 0 | L16: ='Default Network Metrics'!M18 -> 0 | M16: ='Default Network Metrics'!N18 -> 0.9 | N16: ='Default Network Metrics'!O18 -> 0 | O16: ='Default Network Metrics'!P18 -> 0 | P16: ='Default Network Metrics'!Q18 -> 0 | Q16: ='Default Network Metrics'!R18 -> 0 | ... X16: ='Default Network Metrics'!Y18 -> 0.9
A17: ='Default Network Metrics'!B19 -> 0 | B17: ='Default Network Metrics'!C19 -> 0 | C17: ='Default Network Metrics'!D19 -> 0 | D17: ='Default Network Metrics'!E19 -> 0 | E17: ='Default Network Metrics'!F19 -> 0 | F17: ='Default Network Metrics'!G19 -> 0 | G17: ='Default Network Metrics'!H19 -> 0 | H17: ='Default Network Metrics'!I19 -> 0 | ... X17: ='Default Network Metrics'!Y19 -> 0
A18: ='Default Network Metrics'!B20 -> 0.5 | B18: ='Default Network Metrics'!C20 -> 0 | C18: ='Default Network Metrics'!D20 -> 0 | D18: ='Default Network Metrics'!E20 -> 0 | E18: ='Default Network Metrics'!F20 -> 0.5 | F18: ='Default Network Metrics'!G20 -> 0 | G18: ='Default Network Metrics'!H20 -> 0 | H18: ='Default Network Metrics'!I20 -> 0 | I18: ='Event Register'!H31 -> 0.5 | J18: ='Default Network Metrics'!K20 -> 0 | K18: ='Default Network Metrics'!L20 -> 0 | L18: ='Default Network Metrics'!M20 -> 0 | M18: ='Default Network Metrics'!N20 -> 0 | N18: ='Default Network Metrics'!O20 -> 0 | O18: ='Default Network Metrics'!P20 -> 0 | P18: ='Default Network Metrics'!Q20 -> 0 | Q18: ='Default Network Metrics'!R20 -> 0 | ... X18: ='Default Network Metrics'!Y20 -> 0
A19: ='Default Network Metrics'!B21 -> 0.2 | B19: ='Default Network Metrics'!C21 -> 0 | C19: ='Default Network Metrics'!D21 -> 0 | D19: ='Default Network Metrics'!E21 -> 0 | E19: ='Default Network Metrics'!F21 -> 0.2 | F19: ='Default Network Metrics'!G21 -> 0 | G19: ='Default Network Metrics'!H21 -> 0 | H19: ='Default Network Metrics'!I21 -> 0 | I19: ='Event Register'!H34 -> 0.2 | J19: ='Default Network Metrics'!K21 -> 0 | K19: ='Default Network Metrics'!L21 -> 0 | L19: ='Default Network Metrics'!M21 -> 0 | M19: ='Default Network Metrics'!N21 -> 0 | N19: ='Default Network Metrics'!O21 -> 0 | O19: ='Default Network Metrics'!P21 -> 0 | P19: ='Default Network Metrics'!Q21 -> 0 | Q19: ='Default Network Metrics'!R21 -> 0 | ... X19: ='Default Network Metrics'!Y21 -> 0
A20: ='Default Network Metrics'!B22 -> 0 | B20: ='Default Network Metrics'!C22 -> 0 | C20: ='Default Network Metrics'!D22 -> 0 | D20: ='Default Network Metrics'!E22 -> 0 | E20: ='Default Network Metrics'!F22 -> 0 | F20: ='Default Network Metrics'!G22 -> 0 | G20: ='Default Network Metrics'!H22 -> 0 | H20: ='Default Network Metrics'!I22 -> 0 | ... X20: ='Default Network Metrics'!Y22 -> 0
A21: ='Default Network Metrics'!B23 -> 0 | B21: ='Default Network Metrics'!C23 -> 0 | C21: ='Default Network Metrics'!D23 -> 0 | D21: ='Default Network Metrics'!E23 -> 0 | E21: ='Default Network Metrics'!F23 -> 0 | F21: ='Default Network Metrics'!G23 -> 0 | G21: ='Default Network Metrics'!H23 -> 0 | H21: ='Default Network Metrics'!I23 -> 0 | ... X21: ='Default Network Metrics'!Y23 -> 0
A22: ='Default Network Metrics'!B24 -> 0 | B22: ='Default Network Metrics'!C24 -> 0 | C22: ='Default Network Metrics'!D24 -> 0 | D22: ='Default Network Metrics'!E24 -> 0 | E22: ='Default Network Metrics'!F24 -> 0 | F22: ='Default Network Metrics'!G24 -> 0 | G22: ='Default Network Metrics'!H24 -> 0 | H22: ='Default Network Metrics'!I24 -> 0 | ... X22: ='Default Network Metrics'!Y24 -> 0
A23: ='Default Network Metrics'!B25 -> 0 | B23: ='Default Network Metrics'!C25 -> 0 | C23: ='Default Network Metrics'!D25 -> 0 | D23: ='Default Network Metrics'!E25 -> 0 | E23: ='Default Network Metrics'!F25 -> 0 | F23: ='Default Network Metrics'!G25 -> 0 | G23: ='Default Network Metrics'!H25 -> 0 | H23: ='Default Network Metrics'!I25 -> 0 | ... X23: ='Default Network Metrics'!Y25 -> 0
A24: ='Default Network Metrics'!B26 -> 0 | B24: ='Default Network Metrics'!C26 -> 0 | C24: ='Default Network Metrics'!D26 -> 0 | D24: ='Default Network Metrics'!E26 -> 0 | E24: ='Default Network Metrics'!F26 -> 0 | F24: ='Default Network Metrics'!G26 -> 0 | G24: ='Default Network Metrics'!H26 -> 0 | H24: ='Default Network Metrics'!I26 -> 0 | ... X24: ='Default Network Metrics'!Y26 -> 0

Sheet COD
A1: ='Default Network Metrics'!B31 -> 0 | B1: ='Default Network Metrics'!C31 -> 100 | C1: ='Default Network Metrics'!D31 -> 0 | D1: ='Default Network Metrics'!E31 -> 0 | E1: ='Default Network Metrics'!F31 -> 0 | F1: ='Default Network Metrics'!G31 -> 0 | G1: ='Default Network Metrics'!H31 -> 0 | H1: ='Default Network Metrics'!I31 -> 0 | ... X1: ='Default Network Metrics'!Y31 -> 0
A2: ='Default Network Metrics'!B32 -> 0 | B2: ='Default Network Metrics'!C32 -> 0 | C2: ='Default Network Metrics'!D32 -> 100 | D2: ='Default Network Metrics'!E32 -> 0 | E2: ='Default Network Metrics'!F32 -> 0 | F2: ='Default Network Metrics'!G32 -> 0 | G2: ='Default Network Metrics'!H32 -> 0 | H2: ='Default Network Metrics'!I32 -> 0 | ... X2: ='Default Network Metrics'!Y32 -> 0
A3: ='Default Network Metrics'!B33 -> 0 | B3: ='Default Network Metrics'!C33 -> 0 | C3: ='Default Network Metrics'!D33 -> 0 | D3: ='Default Network Metrics'!E33 -> 100 | E3: ='Default Network Metrics'!F33 -> 0 | F3: ='Default Network Metrics'!G33 -> 0 | G3: ='Default Network Metrics'!H33 -> 0 | H3: ='Default Network Metrics'!I33 -> 0 | ... X3: ='Default Network Metrics'!Y33 -> 50
A4: ='Default Network Metrics'!B34 -> 0 | B4: ='Default Network Metrics'!C34 -> 0 | C4: ='Default Network Metrics'!D34 -> 0 | D4: ='Default Network Metrics'!E34 -> 0 | E4: ='Default Network Metrics'!F34 -> 0 | F4: ='Default Network Metrics'!G34 -> 0 | G4: ='Default Network Metrics'!H34 -> 0 | H4: ='Default Network Metrics'!I34 -> 0 | ... O4: ='Default Network Metrics'!P34 -> 0 | P4: =MIN('Event Register'!H64,'Event Register'!H45) -> 100 | Q4: ='Default Network Metrics'!R34 -> 0 | R4: ='Default Network Metrics'!S34 -> 0 | S4: ='Default Network Metrics'!T34 -> 0 | T4: ='Default Network Metrics'!U34 -> 0 | U4: ='Default Network Metrics'!V34 -> 0 | V4: ='Default Network Metrics'!W34 -> 0 | W4: ='Default Network Metrics'!X34 -> 0 | X4: =MAX('Event Register'!H48) -> 0
A5: ='Default Network Metrics'!B35 -> 0 | B5: ='Default Network Metrics'!C35 -> 0 | C5: ='Default Network Metrics'!D35 -> 0 | D5: ='Default Network Metrics'!E35 -> 0 | E5: ='Default Network Metrics'!F35 -> 0 | F5: ='Default Network Metrics'!G35 -> 100 | G5: ='Default Network Metrics'!H35 -> 0 | H5: ='Default Network Metrics'!I35 -> 0 | ... X5: ='Default Network Metrics'!Y35 -> 0
A6: ='Default Network Metrics'!B36 -> 0 | B6: ='Default Network Metrics'!C36 -> 0 | C6: ='Default Network Metrics'!D36 -> 0 | D6: ='Default Network Metrics'!E36 -> 0 | E6: ='Default Network Metrics'!F36 -> 0 | F6: ='Default Network Metrics'!G36 -> 0 | G6: ='Default Network Metrics'!H36 -> 100 | H6: ='Default Network Metrics'!I36 -> 0 | ... X6: ='Default Network Metrics'!Y36 -> 0
A7: ='Default Network Metrics'!B37 -> 0 | B7: ='Default Network Metrics'!C37 -> 0 | C7: ='Default Network Metrics'!D37 -> 0 | D7: ='Default Network Metrics'!E37 -> 0 | E7: ='Default Network Metrics'!F37 -> 0 | F7: ='Default Network Metrics'!G37 -> 0 | G7: ='Default Network Metrics'!H37 -> 0 | H7: ='Default Network Metrics'!I37 -> 100 | ... X7: ='Default Network Metrics'!Y37 -> 50
A8: ='Default Network Metrics'!B38 -> 0 | B8: ='Default Network Metrics'!C38 -> 0 | C8: ='Default Network Metrics'!D38 -> 0 | D8: ='Default Network Metrics'!E38 -> 0 | E8: ='Default Network Metrics'!F38 -> 0 | F8: ='Default Network Metrics'!G38 -> 0 | G8: ='Default Network Metrics'!H38 -> 0 | H8: ='Default Network Metrics'!I38 -> 0 | ... X8: ='Default Network Metrics'!Y38 -> 100
A9: ='Default Network Metrics'!B39 -> 0 | B9: ='Default Network Metrics'!C39 -> 0 | C9: ='Default Network Metrics'!D39 -> 0 | D9: ='Default Network Metrics'!E39 -> 0 | E9: ='Default Network Metrics'!F39 -> 0 | F9: ='Default Network Metrics'!G39 -> 0 | G9: ='Default Network Metrics'!H39 -> 0 | H9: ='Default Network Metrics'!I39 -> 0 | I9: ='Default Network Metrics'!J39 -> 0 | J9: ='Event Register'!H11 -> 100 | K9: ='Default Network Metrics'!L39 -> 0 | L9: ='Default Network Metrics'!M39 -> 0 | M9: ='Default Network Metrics'!N39 -> 0 | N9: ='Default Network Metrics'!O39 -> 0 | O9: ='Default Network Metrics'!P39 -> 0 | P9: ='Default Network Metrics'!Q39 -> 0 | Q9: ='Event Register'!H20 -> 100 | R9: ='Default Network Metrics'!S39 -> 0 | S9: ='Default Network Metrics'!T39 -> 0 | T9: ='Default Network Metrics'!U39 -> 0 | U9: ='Default Network Metrics'!V39 -> 0 | V9: ='Default Network Metrics'!W39 -> 0 | W9: ='Default Network Metrics'!X39 -> 0 | X9: ='Default Network Metrics'!Y39 -> 0
A10: ='Default Network Metrics'!B40 -> 0 | B10: ='Default Network Metrics'!C40 -> 0 | C10: ='Default Network Metrics'!D40 -> 0 | D10: ='Default Network Metrics'!E40 -> 0 | E10: ='Default Network Metrics'!F40 -> 0 | F10: ='Default Network Metrics'!G40 -> 0 | G10: ='Default Network Metrics'!H40 -> 0 | H10: ='Default Network Metrics'!I40 -> 0 | ... J10: ='Default Network Metrics'!K40 -> 0 | K10: ='Event Register'!H14 -> 100 | L10: ='Default Network Metrics'!M40 -> 0 | M10: ='Default Network Metrics'!N40 -> 0 | N10: ='Default Network Metrics'!O40 -> 0 | O10: ='Default Network Metrics'!P40 -> 0 | P10: ='Default Network Metrics'!Q40 -> 0 | Q10: ='Default Network Metrics'!R40 -> 0 | R10: ='Default Network Metrics'!S40 -> 0 | S10: ='Default Network Metrics'!T40 -> 0 | ... X10: ='Default Network Metrics'!Y40 -> 0
A11: ='Default Network Metrics'!B41 -> 0 | B11: ='Default Network Metrics'!C41 -> 0 | C11: ='Default Network Metrics'!D41 -> 0 | D11: ='Default Network Metrics'!E41 -> 0 | E11: ='Default Network Metrics'!F41 -> 0 | F11: ='Default Network Metrics'!G41 -> 0 | G11: ='Default Network Metrics'!H41 -> 0 | H11: ='Default Network Metrics'!I41 -> 0 | ... K11: ='Default Network Metrics'!L41 -> 0 | L11: ='Event Register'!H17 -> 100 | M11: ='Default Network Metrics'!N41 -> 0 | N11: ='Default Network Metrics'!O41 -> 0 | O11: ='Default Network Metrics'!P41 -> 0 | P11: ='Default Network Metrics'!Q41 -> 0 | Q11: ='Default Network Metrics'!R41 -> 0 | R11: ='Default Network Metrics'!S41 -> 0 | S11: ='Default Network Metrics'!T41 -> 0 | T11: ='Default Network Metrics'!U41 -> 0 | ... W11: ='Default Network Metrics'!X41 -> 0 | X11: ='Event Register'!H23 -> 50
A12: ='Default Network Metrics'!B42 -> 0 | B12: ='Default Network Metrics'!C42 -> 0 | C12: ='Default Network Metrics'!D42 -> 0 | D12: ='Default Network Metrics'!E42 -> 0 | E12: ='Default Network Metrics'!F42 -> 0 | F12: ='Default Network Metrics'!G42 -> 0 | G12: ='Default Network Metrics'!H42 -> 0 | H12: ='Default Network Metrics'!I42 -> 0 | ... W12: ='Default Network Metrics'!X42 -> 0 | X12: ='Event Register'!H26 -> 100
A13: ='Default Network Metrics'!B43 -> 0 | B13: ='Default Network Metrics'!C43 -> 0 | C13: ='Default Network Metrics'!D43 -> 0 | D13: ='Default Network Metrics'!E43 -> 0 | E13: ='Default Network Metrics'!F43 -> 0 | F13: ='Default Network Metrics'!G43 -> 0 | G13: ='Default Network Metrics'!H43 -> 0 | H13: ='Default Network Metrics'!I43 -> 0 | ... X13: ='Default Network Metrics'!Y43 -> 0
A14: ='Default Network Metrics'!B44 -> 0 | B14: ='Default Network Metrics'!C44 -> 0 | C14: ='Default Network Metrics'!D44 -> 50 | D14: ='Default Network Metrics'!E44 -> 0 | E14: ='Default Network Metrics'!F44 -> 0 | F14: ='Default Network Metrics'!G44 -> 0 | G14: ='Default Network Metrics'!H44 -> 0 | H14: ='Default Network Metrics'!I44 -> 0 | ... N14: ='Default Network Metrics'!O44 -> 0 | O14: =MAX('Event Register'!H39,'Event Register'!H52) -> 0 | P14: ='Default Network Metrics'!Q44 -> 0 | Q14: ='Default Network Metrics'!R44 -> 0 | R14: ='Default Network Metrics'!S44 -> 0 | S14: ='Default Network Metrics'!T44 -> 0 | T14: ='Default Network Metrics'!U44 -> 0 | U14: ='Default Network Metrics'!V44 -> 0 | V14: ='Default Network Metrics'!W44 -> 0 | W14: ='Default Network Metrics'!X44 -> 0 | X14: ='Default Network Metrics'!Y44 -> 0
A15: ='Default Network Metrics'!B45 -> 0 | B15: ='Default Network Metrics'!C45 -> 0 | C15: ='Default Network Metrics'!D45 -> 0 | D15: ='Default Network Metrics'!E45 -> 0 | E15: ='Default Network Metrics'!F45 -> 0 | F15: ='Default Network Metrics'!G45 -> 0 | G15: ='Default Network Metrics'!H45 -> 0 | H15: ='Default Network Metrics'!I45 -> 0 | ... O15: ='Default Network Metrics'!P45 -> 0 | P15: =MAX('Event Register'!H42,'Event Register'!H55) -> 0 | Q15: ='Default Network Metrics'!R45 -> 0 | R15: ='Default Network Metrics'!S45 -> 0 | S15: ='Default Network Metrics'!T45 -> 0 | T15: ='Default Network Metrics'!U45 -> 0 | U15: ='Default Network Metrics'!V45 -> 0 | V15: ='Default Network Metrics'!W45 -> 0 | W15: ='Default Network Metrics'!X45 -> 0 | X15: ='Default Network Metrics'!Y45 -> 0
A16: ='Default Network Metrics'!B46 -> 90 | B16: ='Default Network Metrics'!C46 -> 0 | C16: ='Default Network Metrics'!D46 -> 0 | D16: ='Default Network Metrics'!E46 -> 0 | E16: ='Default Network Metrics'!F46 -> 90 | F16: ='Default Network Metrics'!G46 -> 0 | G16: ='Default Network Metrics'!H46 -> 0 | H16: ='Default Network Metrics'!I46 -> 0 | I16: ='Event Register'!H29 -> 90 | J16: ='Default Network Metrics'!K46 -> 0 | K16: ='Default Network Metrics'!L46 -> 0 | L16: ='Default Network Metrics'!M46 -> 0 | M16: ='Default Network Metrics'!N46 -> 100 | N16: ='Default Network Metrics'!O46 -> 0 | O16: ='Default Network Metrics'!P46 -> 0 | P16: ='Default Network Metrics'!Q46 -> 0 | Q16: ='Default Network Metrics'!R46 -> 0 | ... X16: ='Default Network Metrics'!Y46 -> 100
A17: ='Default Network Metrics'!B47 -> 0 | B17: ='Default Network Metrics'!C47 -> 0 | C17: ='Default Network Metrics'!D47 -> 0 | D17: ='Default Network Metrics'!E47 -> 0 | E17: ='Default Network Metrics'!F47 -> 0 | F17: ='Default Network Metrics'!G47 -> 0 | G17: ='Default Network Metrics'!H47 -> 0 | H17: ='Default Network Metrics'!I47 -> 0 | ... X17: ='Default Network Metrics'!Y47 -> 0
A18: ='Default Network Metrics'!B48 -> 80 | B18: ='Default Network Metrics'!C48 -> 0 | C18: ='Default Network Metrics'!D48 -> 0 | D18: ='Default Network Metrics'!E48 -> 0 | E18: ='Default Network Metrics'!F48 -> 80 | F18: ='Default Network Metrics'!G48 -> 0 | G18: ='Default Network Metrics'!H48 -> 0 | H18: ='Default Network Metrics'!I48 -> 0 | I18: ='Event Register'!H32 -> 80 | J18: ='Default Network Metrics'!K48 -> 0 | K18: ='Default Network Metrics'!L48 -> 0 | L18: ='Default Network Metrics'!M48 -> 0 | M18: ='Default Network Metrics'!N48 -> 0 | N18: ='Default Network Metrics'!O48 -> 0 | O18: ='Default Network Metrics'!P48 -> 0 | P18: ='Default Network Metrics'!Q48 -> 0 | Q18: ='Default Network Metrics'!R48 -> 0 | ... X18: ='Default Network Metrics'!Y48 -> 0
A19: ='Default Network Metrics'!B49 -> 50 | B19: ='Default Network Metrics'!C49 -> 0 | C19: ='Default Network Metrics'!D49 -> 0 | D19: ='Default Network Metrics'!E49 -> 0 | E19: ='Default Network Metrics'!F49 -> 50 | F19: ='Default Network Metrics'!G49 -> 0 | G19: ='Default Network Metrics'!H49 -> 0 | H19: ='Default Network Metrics'!I49 -> 0 | I19: ='Event Register'!H35 -> 50 | J19: ='Default Network Metrics'!K49 -> 0 | K19: ='Default Network Metrics'!L49 -> 0 | L19: ='Default Network Metrics'!M49 -> 0 | M19: ='Default Network Metrics'!N49 -> 0 | N19: ='Default Network Metrics'!O49 -> 0 | O19: ='Default Network Metrics'!P49 -> 0 | P19: ='Default Network Metrics'!Q49 -> 0 | Q19: ='Default Network Metrics'!R49 -> 0 | ... X19: ='Default Network Metrics'!Y49 -> 0
A20: ='Default Network Metrics'!B50 -> 0 | B20: ='Default Network Metrics'!C50 -> 0 | C20: ='Default Network Metrics'!D50 -> 0 | D20: ='Default Network Metrics'!E50 -> 0 | E20: ='Default Network Metrics'!F50 -> 0 | F20: ='Default Network Metrics'!G50 -> 0 | G20: ='Default Network Metrics'!H50 -> 0 | H20: ='Default Network Metrics'!I50 -> 0 | ... X20: ='Default Network Metrics'!Y50 -> 0
A21: ='Default Network Metrics'!B51 -> 0 | B21: ='Default Network Metrics'!C51 -> 0 | C21: ='Default Network Metrics'!D51 -> 0 | D21: ='Default Network Metrics'!E51 -> 0 | E21: ='Default Network Metrics'!F51 -> 0 | F21: ='Default Network Metrics'!G51 -> 0 | G21: ='Default Network Metrics'!H51 -> 0 | H21: ='Default Network Metrics'!I51 -> 0 | ... X21: ='Default Network Metrics'!Y51 -> 0
A22: ='Default Network Metrics'!B52 -> 0 | B22: ='Default Network Metrics'!C52 -> 0 | C22: ='Default Network Metrics'!D52 -> 0 | D22: ='Default Network Metrics'!E52 -> 0 | E22: ='Default Network Metrics'!F52 -> 0 | F22: ='Default Network Metrics'!G52 -> 0 | G22: ='Default Network Metrics'!H52 -> 0 | H22: ='Default Network Metrics'!I52 -> 0 | ... X22: ='Default Network Metrics'!Y52 -> 0
A23: ='Default Network Metrics'!B53 -> 0 | B23: ='Default Network Metrics'!C53 -> 0 | C23: ='Default Network Metrics'!D53 -> 0 | D23: ='Default Network Metrics'!E53 -> 0 | E23: ='Default Network Metrics'!F53 -> 0 | F23: ='Default Network Metrics'!G53 -> 0 | G23: ='Default Network Metrics'!H53 -> 0 | H23: ='Default Network Metrics'!I53 -> 0 | ... X23: ='Default Network Metrics'!Y53 -> 0
A24: ='Default Network Metrics'!B54 -> 0 | B24: ='Default Network Metrics'!C54 -> 0 | C24: ='Default Network Metrics'!D54 -> 0 | D24: ='Default Network Metrics'!E54 -> 0 | E24: ='Default Network Metrics'!F54 -> 0 | F24: ='Default Network Metrics'!G54 -> 0 | G24: ='Default Network Metrics'!H54 -> 0 | H24: ='Default Network Metrics'!I54 -> 0 | ... X24: ='Default Network Metrics'!Y54 -> 0

Sheet IOD
A1: ='Default Network Metrics'!B59 -> 0 | B1: ='Default Network Metrics'!C59 -> 90 | C1: ='Default Network Metrics'!D59 -> 0 | D1: ='Default Network Metrics'!E59 -> 0 | E1: ='Default Network Metrics'!F59 -> 0 | F1: ='Default Network Metrics'!G59 -> 0 | G1: ='Default Network Metrics'!H59 -> 0 | H1: ='Default Network Metrics'!I59 -> 0 | ... X1: ='Default Network Metrics'!Y59 -> 0
A2: ='Default Network Metrics'!B60 -> 0 | B2: ='Default Network Metrics'!C60 -> 0 | C2: ='Default Network Metrics'!D60 -> 90 | D2: ='Default Network Metrics'!E60 -> 0 | E2: ='Default Network Metrics'!F60 -> 0 | F2: ='Default Network Metrics'!G60 -> 0 | G2: ='Default Network Metrics'!H60 -> 0 | H2: ='Default Network Metrics'!I60 -> 0 | ... X2: ='Default Network Metrics'!Y60 -> 0
A3: ='Default Network Metrics'!B61 -> 0 | B3: ='Default Network Metrics'!C61 -> 0 | C3: ='Default Network Metrics'!D61 -> 0 | D3: ='Default Network Metrics'!E61 -> 90 | E3: ='Default Network Metrics'!F61 -> 0 | F3: ='Default Network Metrics'!G61 -> 0 | G3: ='Default Network Metrics'!H61 -> 0 | H3: ='Default Network Metrics'!I61 -> 0 | ... X3: ='Default Network Metrics'!Y61 -> 50
A4: ='Default Network Metrics'!B62 -> 0 | B4: ='Default Network Metrics'!C62 -> 0 | C4: ='Default Network Metrics'!D62 -> 0 | D4: ='Default Network Metrics'!E62 -> 0 | E4: ='Default Network Metrics'!F62 -> 0 | F4: ='Default Network Metrics'!G62 -> 0 | G4: ='Default Network Metrics'!H62 -> 0 | H4: ='Default Network Metrics'!I62 -> 0 | ... O4: ='Default Network Metrics'!P62 -> 0 | P4: =MIN('Event Register'!H65,'Event Register'!H46) -> 80 | Q4: ='Default Network Metrics'!R62 -> 0 | R4: ='Default Network Metrics'!S62 -> 0 | S4: ='Default Network Metrics'!T62 -> 0 | T4: ='Default Network Metrics'!U62 -> 0 | U4: ='Default Network Metrics'!V62 -> 0 | V4: ='Default Network Metrics'!W62 -> 0 | W4: ='Default Network Metrics'!X62 -> 0 | X4: =MAX('Event Register'!H49) -> 0
A5: ='Default Network Metrics'!B63 -> 0 | B5: ='Default Network Metrics'!C63 -> 0 | C5: ='Default Network Metrics'!D63 -> 0 | D5: ='Default Network Metrics'!E63 -> 0 | E5: ='Default Network Metrics'!F63 -> 0 | F5: ='Default Network Metrics'!G63 -> 90 | G5: ='Default Network Metrics'!H63 -> 0 | H5: ='Default Network Metrics'!I63 -> 0 | ... X5: ='Default Network Metrics'!Y63 -> 0
A6: ='Default Network Metrics'!B64 -> 0 | B6: ='Default Network Metrics'!C64 -> 0 | C6: ='Default Network Metrics'!D64 -> 0 | D6: ='Default Network Metrics'!E64 -> 0 | E6: ='Default Network Metrics'!F64 -> 0 | F6: ='Default Network Metrics'!G64 -> 0 | G6: ='Default Network Metrics'!H64 -> 90 | H6: ='Default Network Metrics'!I64 -> 0 | ... X6: ='Default Network Metrics'!Y64 -> 0
A7: ='Default Network Metrics'!B65 -> 0 | B7: ='Default Network Metrics'!C65 -> 0 | C7: ='Default Network Metrics'!D65 -> 0 | D7: ='Default Network Metrics'!E65 -> 0 | E7: ='Default Network Metrics'!F65 -> 0 | F7: ='Default Network Metrics'!G65 -> 0 | G7: ='Default Network Metrics'!H65 -> 0 | H7: ='Default Network Metrics'!I65 -> 90 | ... X7: ='Default Network Metrics'!Y65 -> 50
A8: ='Default Network Metrics'!B66 -> 0 | B8: ='Default Network Metrics'!C66 -> 0 | C8: ='Default Network Metrics'!D66 -> 0 | D8: ='Default Network Metrics'!E66 -> 0 | E8: ='Default Network Metrics'!F66 -> 0 | F8: ='Default Network Metrics'!G66 -> 0 | G8: ='Default Network Metrics'!H66 -> 0 | H8: ='Default Network Metrics'!I66 -> 0 | ... X8: ='Default Network Metrics'!Y66 -> 100
A9: ='Default Network Metrics'!B67 -> 0 | B9: ='Default Network Metrics'!C67 -> 0 | C9: ='Default Network Metrics'!D67 -> 0 | D9: ='Default Network Metrics'!E67 -> 0 | E9: ='Default Network Metrics'!F67 -> 0 | F9: ='Default Network Metrics'!G67 -> 0 | G9: ='Default Network Metrics'!H67 -> 0 | H9: ='Default Network Metrics'!I67 -> 0 | I9: ='Default Network Metrics'!J67 -> 0 | J9: ='Event Register'!H12 -> 90 | K9: ='Default Network Metrics'!L67 -> 0 | L9: ='Default Network Metrics'!M67 -> 0 | M9: ='Default Network Metrics'!N67 -> 0 | N9: ='Default Network Metrics'!O67 -> 0 | O9: ='Default Network Metrics'!P67 -> 0 | P9: ='Default Network Metrics'!Q67 -> 0 | Q9: ='Event Register'!H21 -> 10 | R9: ='Default Network Metrics'!S67 -> 0 | S9: ='Default Network Metrics'!T67 -> 0 | T9: ='Default Network Metrics'!U67 -> 0 | U9: ='Default Network Metrics'!V67 -> 0 | V9: ='Default Network Metrics'!W67 -> 0 | W9: ='Default Network Metrics'!X67 -> 0 | X9: ='Default Network Metrics'!Y67 -> 0
A10: ='Default Network Metrics'!B68 -> 0 | B10: ='Default Network Metrics'!C68 -> 0 | C10: ='Default Network Metrics'!D68 -> 0 | D10: ='Default Network Metrics'!E68 -> 0 | E10: ='Default Network Metrics'!F68 -> 0 | F10: ='Default Network Metrics'!G68 -> 0 | G10: ='Default Network Metrics'!H68 -> 0 | H10: ='Default Network Metrics'!I68 -> 0 | ... J10: ='Default Network Metrics'!K68 -> 0 | K10: ='Event Register'!H15 -> 90 | L10: ='Default Network Metrics'!M68 -> 0 | M10: ='Default Network Metrics'!N68 -> 0 | N10: ='Default Network Metrics'!O68 -> 0 | O10: ='Default Network Metrics'!P68 -> 0 | P10: ='Default Network Metrics'!Q68 -> 0 | Q10: ='Default Network Metrics'!R68 -> 0 | R10: ='Default Network Metrics'!S68 -> 0 | S10: ='Default Network Metrics'!T68 -> 0 | ... X10: ='Default Network Metrics'!Y68 -> 0
A11: ='Default Network Metrics'!B69 -> 0 | B11: ='Default Network Metrics'!C69 -> 0 | C11: ='Default Network Metrics'!D69 -> 0 | D11: ='Default Network Metrics'!E69 -> 0 | E11: ='Default Network Metrics'!F69 -> 0 | F11: ='Default Network Metrics'!G69 -> 0 | G11: ='Default Network Metrics'!H69 -> 0 | H11: ='Default Network Metrics'!I69 -> 0 | ... K11: ='Default Network Metrics'!L69 -> 0 | L11: ='Event Register'!H18 -> 90 | M11: ='Default Network Metrics'!N69 -> 0 | N11: ='Default Network Metrics'!O69 -> 0 | O11: ='Default Network Metrics'!P69 -> 0 | P11: ='Default Network Metrics'!Q69 -> 0 | Q11: ='Default Network Metrics'!R69 -> 0 | R11: ='Default Network Metrics'!S69 -> 0 | S11: ='Default Network Metrics'!T69 -> 0 | T11: ='Default Network Metrics'!U69 -> 0 | ... W11: ='Default Network Metrics'!X69 -> 0 | X11: ='Event Register'!H24 -> 50
A12: ='Default Network Metrics'!B70 -> 0 | B12: ='Default Network Metrics'!C70 -> 0 | C12: ='Default Network Metrics'!D70 -> 0 | D12: ='Default Network Metrics'!E70 -> 0 | E12: ='Default Network Metrics'!F70 -> 0 | F12: ='Default Network Metrics'!G70 -> 0 | G12: ='Default Network Metrics'!H70 -> 0 | H12: ='Default Network Metrics'!I70 -> 0 | ... W12: ='Default Network Metrics'!X70 -> 0 | X12: ='Event Register'!H27 -> 100
A13: ='Default Network Metrics'!B71 -> 0 | B13: ='Default Network Metrics'!C71 -> 0 | C13: ='Default Network Metrics'!D71 -> 0 | D13: ='Default Network Metrics'!E71 -> 0 | E13: ='Default Network Metrics'!F71 -> 0 | F13: ='Default Network Metrics'!G71 -> 0 | G13: ='Default Network Metrics'!H71 -> 0 | H13: ='Default Network Metrics'!I71 -> 0 | ... X13: ='Default Network Metrics'!Y71 -> 0
A14: ='Default Network Metrics'!B72 -> 0 | B14: ='Default Network Metrics'!C72 -> 0 | C14: ='Default Network Metrics'!D72 -> 70 | D14: ='Default Network Metrics'!E72 -> 0 | E14: ='Default Network Metrics'!F72 -> 0 | F14: ='Default Network Metrics'!G72 -> 0 | G14: ='Default Network Metrics'!H72 -> 0 | H14: ='Default Network Metrics'!I72 -> 0 | ... N14: ='Default Network Metrics'!O72 -> 0 | O14: =MAX('Event Register'!H40,'Event Register'!H53) -> 0 | P14: ='Default Network Metrics'!Q72 -> 0 | Q14: ='Default Network Metrics'!R72 -> 0 | R14: ='Default Network Metrics'!S72 -> 0 | S14: ='Default Network Metrics'!T72 -> 0 | T14: ='Default Network Metrics'!U72 -> 0 | U14: ='Default Network Metrics'!V72 -> 0 | V14: ='Default Network Metrics'!W72 -> 0 | W14: ='Default Network Metrics'!X72 -> 0 | X14: ='Default Network Metrics'!Y72 -> 0
A15: ='Default Network Metrics'!B73 -> 0 | B15: ='Default Network Metrics'!C73 -> 0 | C15: ='Default Network Metrics'!D73 -> 0 | D15: ='Default Network Metrics'!E73 -> 0 | E15: ='Default Network Metrics'!F73 -> 0 | F15: ='Default Network Metrics'!G73 -> 0 | G15: ='Default Network Metrics'!H73 -> 0 | H15: ='Default Network Metrics'!I73 -> 0 | ... O15: ='Default Network Metrics'!P73 -> 0 | P15: =MAX('Event Register'!H43,'Event Register'!H56) -> 0 | Q15: ='Default Network Metrics'!R73 -> 0 | R15: ='Default Network Metrics'!S73 -> 0 | S15: ='Default Network Metrics'!T73 -> 0 | T15: ='Default Network Metrics'!U73 -> 0 | U15: ='Default Network Metrics'!V73 -> 0 | V15: ='Default Network Metrics'!W73 -> 0 | W15: ='Default Network Metrics'!X73 -> 0 | X15: ='Default Network Metrics'!Y73 -> 0
A16: ='Default Network Metrics'!B74 -> 90 | B16: ='Default Network Metrics'!C74 -> 0 | C16: ='Default Network Metrics'!D74 -> 0 | D16: ='Default Network Metrics'!E74 -> 0 | E16: ='Default Network Metrics'!F74 -> 90 | F16: ='Default Network Metrics'!G74 -> 0 | G16: ='Default Network Metrics'!H74 -> 0 | H16: ='Default Network Metrics'!I74 -> 0 | I16: ='Event Register'!H30 -> 90 | J16: ='Default Network Metrics'!K74 -> 0 | K16: ='Default Network Metrics'!L74 -> 0 | L16: ='Default Network Metrics'!M74 -> 0 | M16: ='Default Network Metrics'!N74 -> 90 | N16: ='Default Network Metrics'!O74 -> 0 | O16: ='Default Network Metrics'!P74 -> 0 | P16: ='Default Network Metrics'!Q74 -> 0 | Q16: ='Default Network Metrics'!R74 -> 0 | ... X16: ='Default Network Metrics'!Y74 -> 100
A17: ='Default Network Metrics'!B75 -> 0 | B17: ='Default Network Metrics'!C75 -> 0 | C17: ='Default Network Metrics'!D75 -> 0 | D17: ='Default Network Metrics'!E75 -> 0 | E17: ='Default Network Metrics'!F75 -> 0 | F17: ='Default Network Metrics'!G75 -> 0 | G17: ='Default Network Metrics'!H75 -> 0 | H17: ='Default Network Metrics'!I75 -> 0 | ... X17: ='Default Network Metrics'!Y75 -> 0
A18: ='Default Network Metrics'!B76 -> 50 | B18: ='Default Network Metrics'!C76 -> 0 | C18: ='Default Network Metrics'!D76 -> 0 | D18: ='Default Network Metrics'!E76 -> 0 | E18: ='Default Network Metrics'!F76 -> 50 | F18: ='Default Network Metrics'!G76 -> 0 | G18: ='Default Network Metrics'!H76 -> 0 | H18: ='Default Network Metrics'!I76 -> 0 | I18: ='Event Register'!H33 -> 50 | J18: ='Default Network Metrics'!K76 -> 0 | K18: ='Default Network Metrics'!L76 -> 0 | L18: ='Default Network Metrics'!M76 -> 0 | M18: ='Default Network Metrics'!N76 -> 0 | N18: ='Default Network Metrics'!O76 -> 0 | O18: ='Default Network Metrics'!P76 -> 0 | P18: ='Default Network Metrics'!Q76 -> 0 | Q18: ='Default Network Metrics'!R76 -> 0 | ... X18: ='Default Network Metrics'!Y76 -> 0
A19: ='Default Network Metrics'!B77 -> 50 | B19: ='Default Network Metrics'!C77 -> 0 | C19: ='Default Network Metrics'!D77 -> 0 | D19: ='Default Network Metrics'!E77 -> 0 | E19: ='Default Network Metrics'!F77 -> 50 | F19: ='Default Network Metrics'!G77 -> 0 | G19: ='Default Network Metrics'!H77 -> 0 | H19: ='Default Network Metrics'!I77 -> 0 | I19: ='Event Register'!H36 -> 50 | J19: ='Default Network Metrics'!K77 -> 0 | K19: ='Default Network Metrics'!L77 -> 0 | L19: ='Default Network Metrics'!M77 -> 0 | M19: ='Default Network Metrics'!N77 -> 0 | N19: ='Default Network Metrics'!O77 -> 0 | O19: ='Default Network Metrics'!P77 -> 0 | P19: ='Default Network Metrics'!Q77 -> 0 | Q19: ='Default Network Metrics'!R77 -> 0 | ... X19: ='Default Network Metrics'!Y77 -> 0
A20: ='Default Network Metrics'!B78 -> 0 | B20: ='Default Network Metrics'!C78 -> 0 | C20: ='Default Network Metrics'!D78 -> 0 | D20: ='Default Network Metrics'!E78 -> 0 | E20: ='Default Network Metrics'!F78 -> 0 | F20: ='Default Network Metrics'!G78 -> 0 | G20: ='Default Network Metrics'!H78 -> 0 | H20: ='Default Network Metrics'!I78 -> 0 | ... X20: ='Default Network Metrics'!Y78 -> 0
A21: ='Default Network Metrics'!B79 -> 0 | B21: ='Default Network Metrics'!C79 -> 0 | C21: ='Default Network Metrics'!D79 -> 0 | D21: ='Default Network Metrics'!E79 -> 0 | E21: ='Default Network Metrics'!F79 -> 0 | F21: ='Default Network Metrics'!G79 -> 0 | G21: ='Default Network Metrics'!H79 -> 0 | H21: ='Default Network Metrics'!I79 -> 0 | ... X21: ='Default Network Metrics'!Y79 -> 0
A22: ='Default Network Metrics'!B80 -> 0 | B22: ='Default Network Metrics'!C80 -> 0 | C22: ='Default Network Metrics'!D80 -> 0 | D22: ='Default Network Metrics'!E80 -> 0 | E22: ='Default Network Metrics'!F80 -> 0 | F22: ='Default Network Metrics'!G80 -> 0 | G22: ='Default Network Metrics'!H80 -> 0 | H22: ='Default Network Metrics'!I80 -> 0 | ... X22: ='Default Network Metrics'!Y80 -> 0
A23: ='Default Network Metrics'!B81 -> 0 | B23: ='Default Network Metrics'!C81 -> 0 | C23: ='Default Network Metrics'!D81 -> 0 | D23: ='Default Network Metrics'!E81 -> 0 | E23: ='Default Network Metrics'!F81 -> 0 | F23: ='Default Network Metrics'!G81 -> 0 | G23: ='Default Network Metrics'!H81 -> 0 | H23: ='Default Network Metrics'!I81 -> 0 | ... X23: ='Default Network Metrics'!Y81 -> 0
A24: ='Default Network Metrics'!B82 -> 0 | B24: ='Default Network Metrics'!C82 -> 0 | C24: ='Default Network Metrics'!D82 -> 0 | D24: ='Default Network Metrics'!E82 -> 0 | E24: ='Default Network Metrics'!F82 -> 0 | F24: ='Default Network Metrics'!G82 -> 0 | G24: ='Default Network Metrics'!H82 -> 0 | H24: ='Default Network Metrics'!I82 -> 0 | ... X24: ='Default Network Metrics'!Y82 -> 0

Sheet SE
A1: ='Default Network Metrics'!AC3 -> B | B1: ='Default Network Metrics'!AD3 -> 5 | C1: ='Event Register'!H66 -> 5
A2: ='Default Network Metrics'!AC4 -> B | B2: ='Default Network Metrics'!AD4 -> 5 | C2: ='Default Network Metrics'!AE4 -> 2
A3: ='Default Network Metrics'!AC5 -> B | B3: ='Default Network Metrics'!AD5 -> 5 | C3: ='Default Network Metrics'!AE5 -> 2
A4: ='Default Network Metrics'!AC6 -> B | B4: ='Default Network Metrics'!AD6 -> 5 | C4: ='Default Network Metrics'!AE6 -> 2
A5: ='Default Network Metrics'!AC7 -> B | B5: ='Default Network Metrics'!AD7 -> 5 | C5: ='Event Register'!H67 -> 5
A6: ='Default Network Metrics'!AC8 -> B | B6: ='Default Network Metrics'!AD8 -> 5 | C6: ='Default Network Metrics'!AE8 -> 2
A7: ='Default Network Metrics'!AC9 -> B | B7: ='Default Network Metrics'!AD9 -> 5 | C7: ='Default Network Metrics'!AE9 -> 2
A8: ='Default Network Metrics'!AC10 -> B | B8: ='Default Network Metrics'!AD10 -> 5 | C8: ='Default Network Metrics'!AE10 -> 2
A9: ='Default Network Metrics'!AC11 -> B | B9: ='Event Register'!H2 -> 5 | C9: =MAX('Event Register'!H6,'Event Register'!H68) -> 5
A10: ='Default Network Metrics'!AC12 -> B | B10: ='Event Register'!H3 -> 5 | C10: ='Event Register'!H7 -> 2
A11: ='Default Network Metrics'!AC13 -> B | B11: ='Event Register'!H4 -> 5 | C11: ='Event Register'!H8 -> 2
A12: ='Default Network Metrics'!AC14 -> B | B12: ='Event Register'!H5 -> 5 | C12: ='Event Register'!H9 -> 2
A13: ='Event Register'!H69 -> B | B13: ='Event Register'!H72 -> 5 | C13: ='Event Register'!H75 -> 5
A14: ='Default Network Metrics'!AC16 -> D | B14: ='Default Network Metrics'!AD16 -> 80 | C14: ='Default Network Metrics'!AE16 -> 0
A15: ='Default Network Metrics'!AC17 -> D | B15: =MAX('Event Register'!H37,'Event Register'!H50) -> 0 | C15: ='Default Network Metrics'!AE17 -> 0
A16: ='Event Register'!H70 -> B | B16: ='Event Register'!H73 -> 5 | C16: ='Event Register'!H76 -> 5
A17: ='Default Network Metrics'!AC19 -> D | B17: ='Default Network Metrics'!AD19 -> 80 | C17: ='Default Network Metrics'!AE19 -> 0
A18: ='Default Network Metrics'!AC20 -> D | B18: ='Default Network Metrics'!AD20 -> 80 | C18: ='Default Network Metrics'!AE20 -> 0
A19: ='Default Network Metrics'!AC21 -> D | B19: ='Default Network Metrics'!AD21 -> 80 | C19: ='Default Network Metrics'!AE21 -> 0
A20: ='Default Network Metrics'!AC22 -> D | B20: ='Default Network Metrics'!AD22 -> 80 | C20: ='Default Network Metrics'!AE22 -> 0
A21: ='Default Network Metrics'!AC23 -> D | B21: ='Default Network Metrics'!AD23 -> 80 | C21: ='Default Network Metrics'!AE23 -> 0
A22: ='Default Network Metrics'!AC24 -> D | B22: ='Default Network Metrics'!AD24 -> 80 | C22: ='Default Network Metrics'!AE24 -> 0
A23: ='Default Network Metrics'!AC25 -> D | B23: ='Default Network Metrics'!AD25 -> 80 | C23: ='Default Network Metrics'!AE25 -> 0
A24: ='Event Register'!H71 -> B | B24: ='Event Register'!H74 -> 5 | C24: ='Event Register'!H77 -> 5

Sheet labels
A1: Crew1_Obs
A2: Crew1_Ori
A3: Crew1_Dec
A4: Crew1_Act
A5: Crew2_Obs
A6: Crew2_Ori
A7: Crew2_Dec
A8: Crew2_Act
A9: Crew3_Obs
A10: Crew3_Ori
A11: Crew3_Dec
A12: Crew3_Act
... A24: SciEq_Act

Sheet README
A1: SODA Baseline Input - AAE 560 Moon-to-Mars HMT SoS
A3: SOURCE: Abstraction-phase SoS (Report_Abstraction.docx, OODA decomposition table)
A4: NODES: 25 (OODA feeders + host node per constituent system)
A5: EDGES: 56 (intra-system OODA chain + feeder->host + inter-system)
A7: SCHEMA (per SODA_GUI_Manual.docx, matches SODAtest_Large.xlsx):
A8: n : number of nodes (A1)
A9: SOD : n x n Strength of Dependency, alpha in [0,1]
A10: COD : n x n Criticality of Dependency, beta in [0,100]
A11: IOD : n x n Impact of Dependency, gamma in [1,100]
A12: SE : col A type (D/U/B), col B v1, col C v2
A13: labels : node names
A15: Matrix convention: entry (i,j) is the dependency of node j on node i
... A27: Archetypes used in this baseline:
A29: Archetype | B29: SOD | C29: COD | D29: IOD | E29: Count
A30: LLM | B30: 0.1 | C30: 20 | D30: 40 | E30: 0
A31: LML | B31: 0.1 | C31: 50 | D31: 10 | E31: 3
A32: LMH | B32: 0.1 | C32: 50 | D32: 90 | E32: 5
A33: MMM | B33: 0.4 | C33: 50 | D33: 40 | E33: 15
A34: LHL | B34: 0.1 | C34: 100 | D34: 10 | E34: 0
A35: MHM | B35: 0.4 | C35: 100 | D35: 40 | E35: 17
A36: MHH | B36: 0.4 | C36: 100 | D36: 90 | E36: 3
A37: HHL | B37: 0.9 | C37: 100 | D37: 10 | E37: 11
A38: HHH | B38: 0.9 | C38: 100 | D38: 90 | E38: 2
A41: EDGE LIST (with rationale):
A42: # | B42: feeder | C42: receiver | D42: curve | E42: SOD | F42: COD | G42: IOD | H42: rationale
A43: 1 | B43: Crew1_Obs | C43: Crew1_Ori | D43: MHM | E43: 0.4 | F43: 100 | G43: 40 | H43: SA feeds crew orientation/assessment
A44: 2 | B44: Crew1_Ori | C44: Crew1_Dec | D44: MHM | E44: 0.4 | F44: 100 | G44: 40 | H44: Orient feeds decide (mission assessment)
A45: 3 | B45: Crew1_Dec | C45: Crew1_Act | D45: HHL | E45: 0.9 | F45: 100 | G45: 10 | H45: Decision drives execution
A46: 4 | B46: Crew2_Obs | C46: Crew2_Ori | D46: MHM | E46: 0.4 | F46: 100 | G46: 40 | H46: SA feeds crew orientation/assessment
A47: 5 | B47: Crew2_Ori | C47: Crew2_Dec | D47: MHM | E47: 0.4 | F47: 100 | G47: 40 | H47: Orient feeds decide
A48: 6 | B48: Crew2_Dec | C48: Crew2_Act | D48: HHL | E48: 0.9 | F48: 100 | G48: 10 | H48: Decision drives execution
A49: 7 | B49: LTV_Obs | C49: LTV_Ori | D49: MHM | E49: 0.4 | F49: 100 | G49: 40 | H49: Location sensing feeds route planning
A50: 8 | B50: LTV_Ori | C50: LTV_Act | D50: MHM | E50: 0.4 | F50: 100 | G50: 40 | H50: Route plan executed by actuation
A51: 9 | B51: HLS_Obs | C51: HLS_Ori | D51: HHL | E51: 0.9 | F51: 100 | G51: 10 | H51: Monitoring feeds data relay
A52: 10 | B52: HLS_Ori | C52: HLS_Act | D52: MMM | E52: 0.4 | F52: 50 | G52: 40 | H52: Relay informs crew-support actions
A53: 11 | B53: GC_Obs | C53: GC_Ori | D53: HHL | E53: 0.9 | F53: 100 | G53: 10 | H53: Telemetry feeds coord/nav
A54: 12 | B54: GC_Ori | C54: GC_Dec | D54: HHL | E54: 0.9 | F54: 100 | G54: 10 | H54: Nav informs guidance decisions
... A98: 56 | B98: Crew1_Act | C98: SciEq_Act | D98: MMM | E98: 0.4 | F98: 50 | G98: 40 | H98: Crew1 supports sample handling
A101: NODE LIST (SE values and grouping):
A102: # | B102: id | C102: label | D102: SE | E102: group
A103: 1 | B103: Crew1_Obs | C103: Crew1 - Observe (location, health) | D103: 90 | E103: Crew1
A104: 2 | B104: Crew1_Ori | C104: Crew1 - Orient (assess mission) | D104: 90 | E104: Crew1
A105: 3 | B105: Crew1_Dec | C105: Crew1 - Decide (path, science, proceed) | D105: 90 | E105: Crew1
A106: 4 | B106: Crew1_Act | C106: Crew1 - Act (drive LTV, transport cargo) | D106: 90 | E106: Crew1
A107: 5 | B107: Crew1 | C107: Crew1 - HOST (overall crew-1 effectiveness) | D107: 90 | E107: Crew1
A108: 6 | B108: Crew2_Obs | C108: Crew2 - Observe (location, health) | D108: 90 | E108: Crew2
A109: 7 | B109: Crew2_Ori | C109: Crew2 - Orient (assess mission) | D109: 90 | E109: Crew2
A110: 8 | B110: Crew2_Dec | C110: Crew2 - Decide (path, science, proceed) | D110: 90 | E110: Crew2
A111: 9 | B111: Crew2_Act | C111: Crew2 - Act (deploy science, transport) | D111: 90 | E111: Crew2
A112: 10 | B112: Crew2 | C112: Crew2 - HOST (overall crew-2 effectiveness) | D112: 90 | E112: Crew2
A113: 11 | B113: LTV_Obs | C113: LTV - Observe (physical location) | D113: 80 | E113: LTV
A114: 12 | B114: LTV_Ori | C114: LTV - Orient (route planning) | D114: 80 | E114: LTV
... A127: 25 | B127: ScienceEq | C127: ScienceEq - HOST (overall science yield) | D127: 85 | E127: SciEq
A130: ROOTS (no incoming edges; Op = SE):
A131: LTV_Obs | B131: LTV - Observe (physical location)
A132: HLS_Obs | B132: HLS - Observe (monitor crew + system health)
A134: LEAVES / END NODES (no outgoing edges; mission outputs):
A135: Crew1 | B135: Crew1 - HOST (overall crew-1 effectiveness)
A136: Crew2 | B136: Crew2 - HOST (overall crew-2 effectiveness)
A137: LTV | B137: LTV - HOST (overall LTV effectiveness)
A138: HLS | B138: HLS - HOST (overall HLS effectiveness)
A139: GC | B139: GC - HOST (overall Ground Control effect.)
A140: ScienceEq | B140: ScienceEq - HOST (overall science yield)
